{"scale_popu_GNa":1.2029136558606537,"scale_popu_GCaL":0.936931952383877,"scale_popu_Gto":0.97917047928423417,"scale_popu_GNaL":1.0628842612708123,"scale_popu_GKr":1.0284965557287509,"scale_popu_GKs":0.85121614809282886,"scale_popu_GK1":1.0547410078470199,"scale_popu_GbK":1.0831867434852231,"scale_popu_KNCX":0.87516123827771675,"scale_popu_KNaK":1.0490291993583098,"scale_popu_GbNa":1.1275913355691167,"scale_popu_GbCa":1.0517649112777834,"scale_popu_KpCa":0.92054600795872865,"scale_popu_KRyR":0.92763708655962707,"scale_popu_KSERCA":0.9085176836477854,"scale_popu_Kleak":0.71502411572924274,"scale_popu_nTm":1.115525809366759,"scale_popu_CaT50ref":0.9051846890223334,"scale_popu_Tref":0.76228810321920681,"scale_popu_kuw":0.88534725833405681,"scale_popu_kws":1.0862360338761685,"scale_popu_kTRPN":1.1885216985157891,"scale_popu_nTRPN":0.96965079814649047,"scale_popu_ku":0.92266602344557525,"scale_popu_TRPN50":1.1883668588710046,"scale_popu_rw":0.97879683185244493,"scale_popu_rs":1.1778290017323991}