{"scale_popu_GNa":1.1013380881083072,"scale_popu_GCaL":0.96138725861116225,"scale_popu_Gto":1.0067109946814772,"scale_popu_GNaL":1.0857640537385536,"scale_popu_GKr":1.0030953490352614,"scale_popu_GKs":1.1594309009204107,"scale_popu_GK1":1.249889805204061,"scale_popu_GbK":1.2015429527936115,"scale_popu_KNCX":1.1355805704484077,"scale_popu_KNaK":1.040089891353174,"scale_popu_GbNa":1.1432310694608907,"scale_popu_GbCa":0.89009102114937755,"scale_popu_KpCa":0.94883600889555841,"scale_popu_KRyR":0.7370610533516847,"scale_popu_KSERCA":0.92684366796406459,"scale_popu_Kleak":1.2086104960079749,"scale_popu_nTm":0.77404581247523008,"scale_popu_CaT50ref":0.98109092596308944,"scale_popu_Tref":1.1350522420697813,"scale_popu_kuw":1.22129518502822,"scale_popu_kws":1.0149298429271725,"scale_popu_kTRPN":0.79144868214955322,"scale_popu_nTRPN":1.1474771094812004,"scale_popu_ku":1.2792154308893664,"scale_popu_TRPN50":1.049335339214728,"scale_popu_rw":0.88341124223855427,"scale_popu_rs":0.79785403486302264}