{"scale_popu_GNa":1.095609481696497,"scale_popu_GCaL":1.1586367249590781,"scale_popu_Gto":0.89172177415616849,"scale_popu_GNaL":0.83555848464804416,"scale_popu_GKr":1.2208911431042011,"scale_popu_GKs":1.0590412895308126,"scale_popu_GK1":0.95447067290088816,"scale_popu_GbK":1.1504494749414227,"scale_popu_KNCX":1.0246183049234032,"scale_popu_KNaK":0.91029052749441564,"scale_popu_GbNa":1.0268842306580839,"scale_popu_GbCa":1.1143164723984655,"scale_popu_KpCa":1.2177572242332637,"scale_popu_KRyR":0.75721380227055768,"scale_popu_KSERCA":0.88606374284402623,"scale_popu_Kleak":0.9088173487710719,"scale_popu_nTm":1.1522639348394041,"scale_popu_CaT50ref":0.88855252689226949,"scale_popu_Tref":0.89187372866952286,"scale_popu_kuw":1.0190136060684394,"scale_popu_kws":1.1518572144111627,"scale_popu_kTRPN":0.88508266634972987,"scale_popu_nTRPN":0.79405207137877687,"scale_popu_ku":0.984606559964552,"scale_popu_TRPN50":1.1417772908754578,"scale_popu_rw":0.99464097360369252,"scale_popu_rs":0.8807757524090355}