{"scale_popu_GNa":0.96976977242125928,"scale_popu_GCaL":1.1131878608600121,"scale_popu_Gto":0.9491383856222505,"scale_popu_GNaL":0.91509419480672127,"scale_popu_GKr":1.0414179131406855,"scale_popu_GKs":1.1292420387681446,"scale_popu_GK1":0.947526834015257,"scale_popu_GbK":0.88789727022711817,"scale_popu_KNCX":0.76020939379753727,"scale_popu_KNaK":0.89707860187835731,"scale_popu_GbNa":1.1472407011793591,"scale_popu_GbCa":0.58328757868708325,"scale_popu_KpCa":0.9964427457019096,"scale_popu_KRyR":0.99123378231055137,"scale_popu_KSERCA":0.81713637208802847,"scale_popu_Kleak":0.994186825072592,"scale_popu_nTm":1.2007331227518856,"scale_popu_CaT50ref":0.96723356277768591,"scale_popu_Tref":0.83422779401637093,"scale_popu_kuw":0.92478155571779841,"scale_popu_kws":0.92393846574912808,"scale_popu_kTRPN":0.991371889740279,"scale_popu_nTRPN":1.3511188685430857,"scale_popu_ku":0.89547555163915615,"scale_popu_TRPN50":0.95306849253150072,"scale_popu_rw":0.63490738249979284,"scale_popu_rs":0.84508514150242708}