{"scale_popu_GNa":0.88415804808672172,"scale_popu_GCaL":0.92954621340902988,"scale_popu_Gto":1.1397859250310134,"scale_popu_GNaL":1.0025214868523646,"scale_popu_GKr":0.91148629581404239,"scale_popu_GKs":1.0995527900263111,"scale_popu_GK1":1.1271178651565448,"scale_popu_GbK":1.1708809273528411,"scale_popu_KNCX":0.9802831223345686,"scale_popu_KNaK":0.7755243176535086,"scale_popu_GbNa":0.88370842727076,"scale_popu_GbCa":1.3063582395959821,"scale_popu_KpCa":1.0766766478785965,"scale_popu_KRyR":0.86093373714262356,"scale_popu_KSERCA":1.0593876134461968,"scale_popu_Kleak":1.0682415349491263,"scale_popu_nTm":0.89406522662094479,"scale_popu_CaT50ref":0.83047997975519461,"scale_popu_Tref":0.87018106488165159,"scale_popu_kuw":1.3344379081617381,"scale_popu_kws":0.9558283016559842,"scale_popu_kTRPN":0.87518336533768437,"scale_popu_nTRPN":1.112426199261267,"scale_popu_ku":0.84597961361513141,"scale_popu_TRPN50":1.1987942007254886,"scale_popu_rw":1.0362624956161266,"scale_popu_rs":1.158064112226679}