{"scale_popu_GNa":0.9942431342396072,"scale_popu_GCaL":0.97459024612408018,"scale_popu_Gto":1.2430980092563559,"scale_popu_GNaL":1.3339650588906786,"scale_popu_GKr":0.93348655443486672,"scale_popu_GKs":1.0761365139982586,"scale_popu_GK1":0.9265691804079651,"scale_popu_GbK":0.73232681590882387,"scale_popu_KNCX":1.153553596290753,"scale_popu_KNaK":1.0730374510488283,"scale_popu_GbNa":1.0393749106731478,"scale_popu_GbCa":0.97565375380734742,"scale_popu_KpCa":1.1192366597367838,"scale_popu_KRyR":1.0409092219589255,"scale_popu_KSERCA":0.96404968629061993,"scale_popu_Kleak":1.1618494465608782,"scale_popu_nTm":0.98464139730928779,"scale_popu_CaT50ref":0.92535003826125384,"scale_popu_Tref":1.1003815173896072,"scale_popu_kuw":1.1147457834611767,"scale_popu_kws":1.0013335543558974,"scale_popu_kTRPN":0.88743023137471189,"scale_popu_nTRPN":1.2206202914797044,"scale_popu_ku":1.0082955878499136,"scale_popu_TRPN50":0.94605386601257446,"scale_popu_rw":0.921363438610137,"scale_popu_rs":0.89260452702381843}