{"scale_popu_GNa":1.0840225824081875,"scale_popu_GCaL":0.89175200696148194,"scale_popu_Gto":1.0605391572527105,"scale_popu_GNaL":0.89238087155442292,"scale_popu_GKr":0.89183866090641939,"scale_popu_GKs":1.1432885601831648,"scale_popu_GK1":1.2738466138695728,"scale_popu_GbK":0.78515653836638954,"scale_popu_KNCX":0.9034278967057715,"scale_popu_KNaK":0.95581604567241341,"scale_popu_GbNa":0.81627068463542074,"scale_popu_GbCa":0.80391059250718111,"scale_popu_KpCa":1.0436587061288636,"scale_popu_KRyR":1.3009383571529654,"scale_popu_KSERCA":0.90619776905045624,"scale_popu_Kleak":0.82937057546315873,"scale_popu_nTm":1.1837521381039602,"scale_popu_CaT50ref":1.035531157784447,"scale_popu_Tref":0.98568689453114433,"scale_popu_kuw":1.1062134801508248,"scale_popu_kws":0.95028695466951019,"scale_popu_kTRPN":0.96890096975745144,"scale_popu_nTRPN":1.1578056683931417,"scale_popu_ku":1.0471626982972291,"scale_popu_TRPN50":0.84194293726710145,"scale_popu_rw":0.93111970093179663,"scale_popu_rs":1.0443568556855645}