{"scale_popu_GNa":1.4841229001382379,"scale_popu_GCaL":0.8572439947462086,"scale_popu_Gto":1.1319936872947487,"scale_popu_GNaL":0.79934799368435394,"scale_popu_GKr":0.86687285203371844,"scale_popu_GKs":1.17237000156062,"scale_popu_GK1":0.91447190864940231,"scale_popu_GbK":1.1941406211766756,"scale_popu_KNCX":0.88226696948279848,"scale_popu_KNaK":0.98193756905242868,"scale_popu_GbNa":1.0275866082403204,"scale_popu_GbCa":0.78160561314052523,"scale_popu_KpCa":0.98829942365544532,"scale_popu_KRyR":1.1340992522828264,"scale_popu_KSERCA":1.3030423902324504,"scale_popu_Kleak":0.86939459867302127,"scale_popu_nTm":0.9340837685516109,"scale_popu_CaT50ref":1.1918107067251151,"scale_popu_Tref":0.83341200020884854,"scale_popu_kuw":1.2235344818520903,"scale_popu_kws":1.0562868910665841,"scale_popu_kTRPN":1.1662847628937389,"scale_popu_nTRPN":0.82617098337393513,"scale_popu_ku":0.85351954318516354,"scale_popu_TRPN50":1.0131594477050669,"scale_popu_rw":0.97482787526901471,"scale_popu_rs":1.0030547087642725}