{"scale_popu_GNa":0.92061858436990607,"scale_popu_GCaL":1.0151599048595112,"scale_popu_Gto":1.1719659978534489,"scale_popu_GNaL":1.1721404127482475,"scale_popu_GKr":0.92855236563074017,"scale_popu_GKs":1.0108607392332687,"scale_popu_GK1":0.80085842286599307,"scale_popu_GbK":1.2005986861832978,"scale_popu_KNCX":1.4529891130771329,"scale_popu_KNaK":0.81292990690928668,"scale_popu_GbNa":0.77602500806378782,"scale_popu_GbCa":0.92377851135287292,"scale_popu_KpCa":0.9085283494065659,"scale_popu_KRyR":1.3005390984680081,"scale_popu_KSERCA":1.0825091765348658,"scale_popu_Kleak":1.1522007316810274,"scale_popu_nTm":1.0128625121013135,"scale_popu_CaT50ref":1.1759532235087264,"scale_popu_Tref":0.99561439287141584,"scale_popu_kuw":1.1023467244041041,"scale_popu_kws":1.0793870597667303,"scale_popu_kTRPN":0.76721979056274536,"scale_popu_nTRPN":1.0233608419074234,"scale_popu_ku":0.91003764352281491,"scale_popu_TRPN50":0.8469833219255043,"scale_popu_rw":0.93822618364981458,"scale_popu_rs":0.99647121336416622}