{"scale_popu_GNa":1.0031341233860833,"scale_popu_GCaL":0.98201399918242,"scale_popu_Gto":0.883366173159247,"scale_popu_GNaL":1.1003030132726062,"scale_popu_GKr":1.1791329202255008,"scale_popu_GKs":1.0187882787152382,"scale_popu_GK1":0.97447256677639671,"scale_popu_GbK":0.98533088850665085,"scale_popu_KNCX":1.1342115069675087,"scale_popu_KNaK":1.1192734842047882,"scale_popu_GbNa":0.97603062995645862,"scale_popu_GbCa":0.6919518205810502,"scale_popu_KpCa":1.2047358038980074,"scale_popu_KRyR":0.8742081390538351,"scale_popu_KSERCA":1.1005912618991611,"scale_popu_Kleak":0.815323960172831,"scale_popu_nTm":0.71519736629615016,"scale_popu_CaT50ref":1.1642737235029663,"scale_popu_Tref":1.0612605395244623,"scale_popu_kuw":1.1353927595698996,"scale_popu_kws":1.2937665685848592,"scale_popu_kTRPN":0.88711097818208284,"scale_popu_nTRPN":1.1151524251951221,"scale_popu_ku":0.98106879430065264,"scale_popu_TRPN50":1.1225536594551275,"scale_popu_rw":0.88945045438732562,"scale_popu_rs":1.2619374062444793}