{"scale_popu_GNa":0.85297063338565948,"scale_popu_GCaL":0.95878355786894509,"scale_popu_Gto":0.83353041858673771,"scale_popu_GNaL":0.82884723899823221,"scale_popu_GKr":1.2226089237141085,"scale_popu_GKs":0.87999053158422735,"scale_popu_GK1":1.2688780947886014,"scale_popu_GbK":0.82693255771142327,"scale_popu_KNCX":0.96231618875149116,"scale_popu_KNaK":1.2214538554207066,"scale_popu_GbNa":0.88842457668889274,"scale_popu_GbCa":1.1027404909474474,"scale_popu_KpCa":0.94738031968116476,"scale_popu_KRyR":0.92542338443049754,"scale_popu_KSERCA":1.0154570950139619,"scale_popu_Kleak":1.0422639450445779,"scale_popu_nTm":1.0304067332729938,"scale_popu_CaT50ref":1.0250176206443224,"scale_popu_Tref":0.931137802789235,"scale_popu_kuw":0.81932433659612591,"scale_popu_kws":0.92397605638863267,"scale_popu_kTRPN":0.967556559284827,"scale_popu_nTRPN":1.3141451845144156,"scale_popu_ku":0.89772718741717583,"scale_popu_TRPN50":0.8963446815437881,"scale_popu_rw":0.90916636811946316,"scale_popu_rs":0.92976090950489954}