{"scale_popu_GNa":1.0283136048862973,"scale_popu_GCaL":0.994984359652707,"scale_popu_Gto":0.94520748652839393,"scale_popu_GNaL":1.250511730248006,"scale_popu_GKr":0.86832320790464768,"scale_popu_GKs":1.0910202180218147,"scale_popu_GK1":0.99423509656585851,"scale_popu_GbK":0.9179792392383177,"scale_popu_KNCX":1.0643869702590687,"scale_popu_KNaK":1.2262559596917868,"scale_popu_GbNa":0.963334261627825,"scale_popu_GbCa":1.1402933327055997,"scale_popu_KpCa":1.0029304481401531,"scale_popu_KRyR":1.1170194422757906,"scale_popu_KSERCA":1.0001658845097736,"scale_popu_Kleak":0.931611148506518,"scale_popu_nTm":1.0320599522352041,"scale_popu_CaT50ref":1.1654748720658599,"scale_popu_Tref":0.76550581077910373,"scale_popu_kuw":1.1015894535407105,"scale_popu_kws":1.4133846173323021,"scale_popu_kTRPN":1.0676855639382872,"scale_popu_nTRPN":1.0005453813927385,"scale_popu_ku":1.0849291008756905,"scale_popu_TRPN50":1.0110975285898851,"scale_popu_rw":1.0036825614611884,"scale_popu_rs":0.96169436395629027}