{"scale_popu_GNa":0.90212365542157336,"scale_popu_GCaL":0.99893369803101328,"scale_popu_Gto":1.1057556588200554,"scale_popu_GNaL":1.2333000950653086,"scale_popu_GKr":1.2882429082879319,"scale_popu_GKs":0.76825982324071673,"scale_popu_GK1":0.98276380635876837,"scale_popu_GbK":1.0819583911087871,"scale_popu_KNCX":1.0603366509253296,"scale_popu_KNaK":1.1671839170387972,"scale_popu_GbNa":0.73517068827613774,"scale_popu_GbCa":0.73186120754067874,"scale_popu_KpCa":0.80999188487343976,"scale_popu_KRyR":1.0330984759658615,"scale_popu_KSERCA":0.89842621243741827,"scale_popu_Kleak":0.81122599789633343,"scale_popu_nTm":0.98668332882429877,"scale_popu_CaT50ref":1.0824650533709348,"scale_popu_Tref":1.0754289316782562,"scale_popu_kuw":0.67227924011612816,"scale_popu_kws":0.75935715566097173,"scale_popu_kTRPN":1.0607993250411554,"scale_popu_nTRPN":0.945456536436909,"scale_popu_ku":0.92540798479901265,"scale_popu_TRPN50":1.137106260860191,"scale_popu_rw":1.3330712257767883,"scale_popu_rs":0.87830701540848555}