{"scale_popu_GNa":1.0059819238904917,"scale_popu_GCaL":1.1332479286423007,"scale_popu_Gto":0.83280355079821655,"scale_popu_GNaL":1.205371444718788,"scale_popu_GKr":0.82608867393265339,"scale_popu_GKs":0.93926996402870477,"scale_popu_GK1":1.0132906571624554,"scale_popu_GbK":1.180994335116996,"scale_popu_KNCX":1.0914253691150613,"scale_popu_KNaK":0.85600838485474506,"scale_popu_GbNa":1.1679697357892409,"scale_popu_GbCa":0.94890211597107788,"scale_popu_KpCa":1.0036747336473224,"scale_popu_KRyR":0.96153533245966039,"scale_popu_KSERCA":0.95246610951075,"scale_popu_Kleak":1.1038454743828456,"scale_popu_nTm":0.75898294776840025,"scale_popu_CaT50ref":1.1520366634331365,"scale_popu_Tref":0.94948346849192589,"scale_popu_kuw":0.76170086771412571,"scale_popu_kws":1.054629950387924,"scale_popu_kTRPN":1.2266758021397941,"scale_popu_nTRPN":1.1738535734532334,"scale_popu_ku":0.81836193182431349,"scale_popu_TRPN50":0.91902577604014224,"scale_popu_rw":0.80453015703190034,"scale_popu_rs":0.97996965381812773}