{"scale_popu_GNa":1.0482275524654825,"scale_popu_GCaL":0.81905871767488159,"scale_popu_Gto":1.3140427818200431,"scale_popu_GNaL":1.1128060645366908,"scale_popu_GKr":0.92382922225888264,"scale_popu_GKs":1.0781458080233892,"scale_popu_GK1":1.1448883049104921,"scale_popu_GbK":0.8513479319074917,"scale_popu_KNCX":1.1699862037758813,"scale_popu_KNaK":0.67628421454829413,"scale_popu_GbNa":0.80445747833077885,"scale_popu_GbCa":1.1993477799237429,"scale_popu_KpCa":0.965234990636673,"scale_popu_KRyR":0.92071260619015016,"scale_popu_KSERCA":0.984868833995804,"scale_popu_Kleak":0.61497769847660866,"scale_popu_nTm":1.0470651984558661,"scale_popu_CaT50ref":1.1836323104759272,"scale_popu_Tref":1.1120168344645356,"scale_popu_kuw":1.100778692825678,"scale_popu_kws":1.0809412943201298,"scale_popu_kTRPN":0.76366586143936122,"scale_popu_nTRPN":0.87014411700350225,"scale_popu_ku":1.06574497400305,"scale_popu_TRPN50":1.3620778472163277,"scale_popu_rw":0.93014788662279857,"scale_popu_rs":0.99663485106653327}