{"scale_popu_GNa":1.06478549512476,"scale_popu_GCaL":1.1552632874703197,"scale_popu_Gto":0.89983443964081877,"scale_popu_GNaL":1.0093215497109229,"scale_popu_GKr":0.98788076743787978,"scale_popu_GKs":0.95135649350328821,"scale_popu_GK1":1.2270032212594046,"scale_popu_GbK":0.88237067154772009,"scale_popu_KNCX":1.1441191103722137,"scale_popu_KNaK":0.94042246004069252,"scale_popu_GbNa":0.9712513886023697,"scale_popu_GbCa":0.86647081810796112,"scale_popu_KpCa":0.9757481930871077,"scale_popu_KRyR":0.68852977793388537,"scale_popu_KSERCA":0.96107969781644775,"scale_popu_Kleak":0.99979700246601144,"scale_popu_nTm":0.93508078502371128,"scale_popu_CaT50ref":1.0935166375265295,"scale_popu_Tref":0.87796494327476016,"scale_popu_kuw":1.1315985613337654,"scale_popu_kws":1.1883153574318182,"scale_popu_kTRPN":0.8196750583842527,"scale_popu_nTRPN":0.977853435859555,"scale_popu_ku":1.0295744677959777,"scale_popu_TRPN50":1.0636888187884372,"scale_popu_rw":0.83756562990551253,"scale_popu_rs":0.9210729719793862}