{"scale_popu_GNa":0.74106374695445654,"scale_popu_GCaL":0.86040501259288815,"scale_popu_Gto":1.1682733591052967,"scale_popu_GNaL":1.0495093074705077,"scale_popu_GKr":0.9151942029712844,"scale_popu_GKs":1.1747313782498825,"scale_popu_GK1":0.81647203444552519,"scale_popu_GbK":1.075167968358278,"scale_popu_KNCX":1.1142079740479105,"scale_popu_KNaK":0.85321010114948281,"scale_popu_GbNa":0.99494667016868521,"scale_popu_GbCa":1.2847498833335145,"scale_popu_KpCa":1.2735008072562104,"scale_popu_KRyR":0.97123458994899026,"scale_popu_KSERCA":1.1153937872410833,"scale_popu_Kleak":1.018858339751824,"scale_popu_nTm":0.89939682559642709,"scale_popu_CaT50ref":1.0147318230145155,"scale_popu_Tref":0.86431496706922739,"scale_popu_kuw":0.91244552422893255,"scale_popu_kws":0.90450481467249744,"scale_popu_kTRPN":0.89049033277117551,"scale_popu_nTRPN":0.99460925156587043,"scale_popu_ku":0.90717438398020145,"scale_popu_TRPN50":0.9586779851066205,"scale_popu_rw":1.1790002122360461,"scale_popu_rs":0.80764553981244258}