{"scale_popu_GNa":1.1374434678969665,"scale_popu_GCaL":1.1026922130553707,"scale_popu_Gto":0.95663308596448016,"scale_popu_GNaL":0.844720945016515,"scale_popu_GKr":1.1410794966788298,"scale_popu_GKs":1.0143075617349779,"scale_popu_GK1":0.92916268893197229,"scale_popu_GbK":0.96402916147351,"scale_popu_KNCX":1.1776716375721032,"scale_popu_KNaK":1.2977130788439177,"scale_popu_GbNa":1.1260947330471498,"scale_popu_GbCa":0.91158199132791728,"scale_popu_KpCa":0.93600013161791407,"scale_popu_KRyR":1.1170980916772586,"scale_popu_KSERCA":0.94565823022672346,"scale_popu_Kleak":0.921730656767351,"scale_popu_nTm":0.89063943598811079,"scale_popu_CaT50ref":1.0442054370135778,"scale_popu_Tref":1.0013506793412463,"scale_popu_kuw":0.90433806914138637,"scale_popu_kws":1.0759800743724584,"scale_popu_kTRPN":1.2745809705198206,"scale_popu_nTRPN":0.99580674090341648,"scale_popu_ku":1.1943023457121142,"scale_popu_TRPN50":1.2927931896112101,"scale_popu_rw":1.1657122708133212,"scale_popu_rs":0.94620175382754357}