{"scale_popu_GNa":1.0032191874070198,"scale_popu_GCaL":0.95533429426238914,"scale_popu_Gto":0.94023208914145118,"scale_popu_GNaL":0.95292709477459736,"scale_popu_GKr":1.012113912690713,"scale_popu_GKs":0.69944220336488061,"scale_popu_GK1":0.83035990667221893,"scale_popu_GbK":0.98548861929223153,"scale_popu_KNCX":1.034480723427541,"scale_popu_KNaK":0.85400326620318068,"scale_popu_GbNa":1.1598909937715827,"scale_popu_GbCa":0.79314541796489613,"scale_popu_KpCa":0.96310423450731342,"scale_popu_KRyR":1.080095173142299,"scale_popu_KSERCA":0.98411512043353644,"scale_popu_Kleak":1.2262564587201965,"scale_popu_nTm":0.88097738038527007,"scale_popu_CaT50ref":1.054175185965305,"scale_popu_Tref":1.0606254969302409,"scale_popu_kuw":0.93842163418474578,"scale_popu_kws":0.96102823581171559,"scale_popu_kTRPN":1.0971048567534281,"scale_popu_nTRPN":1.0072037451581535,"scale_popu_ku":0.85022754820532453,"scale_popu_TRPN50":1.0977687514426562,"scale_popu_rw":0.97906013499029387,"scale_popu_rs":1.0534133347188659}