{"scale_popu_GNa":0.83512719090069432,"scale_popu_GCaL":0.9389991872605068,"scale_popu_Gto":1.2212781494055305,"scale_popu_GNaL":0.82753612393623321,"scale_popu_GKr":0.90326749805347561,"scale_popu_GKs":0.98087629460446024,"scale_popu_GK1":0.913616638451743,"scale_popu_GbK":1.0000089444360769,"scale_popu_KNCX":0.91834643670004246,"scale_popu_KNaK":0.7706728400032874,"scale_popu_GbNa":0.83678816717921423,"scale_popu_GbCa":0.87635090382863645,"scale_popu_KpCa":1.0269784819809451,"scale_popu_KRyR":1.0224452273132534,"scale_popu_KSERCA":1.0720104988264545,"scale_popu_Kleak":1.0041139415106293,"scale_popu_nTm":0.970740791039255,"scale_popu_CaT50ref":0.97224959894522311,"scale_popu_Tref":0.74650602148547507,"scale_popu_kuw":1.140349925453648,"scale_popu_kws":1.2526292058582524,"scale_popu_kTRPN":1.1562414651110593,"scale_popu_nTRPN":1.0304581262179737,"scale_popu_ku":1.1146284111976796,"scale_popu_TRPN50":0.83815152507765345,"scale_popu_rw":0.7409541788725813,"scale_popu_rs":1.2063670795297223}