{"scale_popu_GNa":1.11784603997598,"scale_popu_GCaL":0.96644325218835869,"scale_popu_Gto":0.96945891077350621,"scale_popu_GNaL":1.1964149462573848,"scale_popu_GKr":0.94551013754837154,"scale_popu_GKs":0.8684634341169456,"scale_popu_GK1":1.1590017387934475,"scale_popu_GbK":0.86102343012694926,"scale_popu_KNCX":0.81942974352271025,"scale_popu_KNaK":1.2259769261564764,"scale_popu_GbNa":1.0510921506098352,"scale_popu_GbCa":0.83494521120253617,"scale_popu_KpCa":1.0714807211173369,"scale_popu_KRyR":0.86473975813683357,"scale_popu_KSERCA":1.1946918544058458,"scale_popu_Kleak":1.0475062998172222,"scale_popu_nTm":0.86741907935153961,"scale_popu_CaT50ref":0.9831499646690206,"scale_popu_Tref":0.72572084693559669,"scale_popu_kuw":1.1401855507423884,"scale_popu_kws":0.89640492011897488,"scale_popu_kTRPN":0.82623540910586879,"scale_popu_nTRPN":1.2097298469732005,"scale_popu_ku":0.84091663162678554,"scale_popu_TRPN50":1.0019052859650093,"scale_popu_rw":1.0418780564269858,"scale_popu_rs":1.1070012622464576}