{"scale_popu_GNa":1.0056526154842802,"scale_popu_GCaL":0.75748759160198254,"scale_popu_Gto":1.0992736887127945,"scale_popu_GNaL":1.0774627227331517,"scale_popu_GKr":0.82502479026345465,"scale_popu_GKs":1.0100183419232858,"scale_popu_GK1":0.72402758216317054,"scale_popu_GbK":1.0697789798189017,"scale_popu_KNCX":1.0184186080817916,"scale_popu_KNaK":1.0131240304699078,"scale_popu_GbNa":1.1033179855937694,"scale_popu_GbCa":0.99502607671240517,"scale_popu_KpCa":1.0288511713661312,"scale_popu_KRyR":1.3537370075400725,"scale_popu_KSERCA":0.9026377376633733,"scale_popu_Kleak":0.74957240332994024,"scale_popu_nTm":1.1087022983311365,"scale_popu_CaT50ref":0.73923335675654922,"scale_popu_Tref":1.0893568418600708,"scale_popu_kuw":0.78404778052044977,"scale_popu_kws":1.1429055367857033,"scale_popu_kTRPN":1.0098440958394226,"scale_popu_nTRPN":0.91266346582458058,"scale_popu_ku":1.0734751893097521,"scale_popu_TRPN50":1.2463963062861547,"scale_popu_rw":1.0244930519791497,"scale_popu_rs":0.84635062360993429}