{"scale_popu_GNa":1.0594204812692649,"scale_popu_GCaL":0.75232744723221967,"scale_popu_Gto":1.05787600350317,"scale_popu_GNaL":0.98193971808098679,"scale_popu_GKr":0.81804038493050957,"scale_popu_GKs":1.1118863324760047,"scale_popu_GK1":0.9158165808380635,"scale_popu_GbK":0.94620887259033892,"scale_popu_KNCX":0.93312852884343922,"scale_popu_KNaK":1.1150489060723945,"scale_popu_GbNa":0.88895662103184014,"scale_popu_GbCa":0.97526077034915615,"scale_popu_KpCa":1.0368722861197353,"scale_popu_KRyR":0.94410756515743366,"scale_popu_KSERCA":0.98551012427377616,"scale_popu_Kleak":0.94846183367917269,"scale_popu_nTm":0.93819620629567657,"scale_popu_CaT50ref":0.788913017654133,"scale_popu_Tref":1.0359304726890124,"scale_popu_kuw":0.69339570995006117,"scale_popu_kws":1.1324019358046835,"scale_popu_kTRPN":0.95549830569601313,"scale_popu_nTRPN":1.0810242448684146,"scale_popu_ku":1.0355426069313947,"scale_popu_TRPN50":0.9604887198814982,"scale_popu_rw":1.0158135823789018,"scale_popu_rs":1.0007294843001184}