{"scale_popu_GNa":1.1614702915331387,"scale_popu_GCaL":1.1020271182607304,"scale_popu_Gto":0.80136458838321523,"scale_popu_GNaL":0.89795921857493788,"scale_popu_GKr":0.93113963231526253,"scale_popu_GKs":1.0397779273647731,"scale_popu_GK1":0.99271546763283058,"scale_popu_GbK":0.90843482924208074,"scale_popu_KNCX":0.9228156075684123,"scale_popu_KNaK":1.1396645716097247,"scale_popu_GbNa":0.84348196500110939,"scale_popu_GbCa":1.0195887508730994,"scale_popu_KpCa":0.99236661160509387,"scale_popu_KRyR":1.0250278365922882,"scale_popu_KSERCA":0.8939220540488404,"scale_popu_Kleak":1.1569975886560315,"scale_popu_nTm":1.0744680038563614,"scale_popu_CaT50ref":1.0042595572533133,"scale_popu_Tref":0.95779752402534712,"scale_popu_kuw":0.88132926962819647,"scale_popu_kws":0.84355361746737278,"scale_popu_kTRPN":1.140542258423024,"scale_popu_nTRPN":1.1467398628357861,"scale_popu_ku":1.0019422783532372,"scale_popu_TRPN50":0.84676179953784469,"scale_popu_rw":1.0524777329893575,"scale_popu_rs":1.1061472138860229}