{"scale_popu_GNa":1.041905412741402,"scale_popu_GCaL":0.96971033036162035,"scale_popu_Gto":0.79577012756673027,"scale_popu_GNaL":1.2797626184501796,"scale_popu_GKr":0.94041737387429014,"scale_popu_GKs":0.77539863496071371,"scale_popu_GK1":1.1494896503230161,"scale_popu_GbK":1.302175693511314,"scale_popu_KNCX":1.0530190929195398,"scale_popu_KNaK":1.0819002583614179,"scale_popu_GbNa":1.0102169990532934,"scale_popu_GbCa":1.0189732027407215,"scale_popu_KpCa":0.992277857815865,"scale_popu_KRyR":0.67718107754067014,"scale_popu_KSERCA":1.0962299462839717,"scale_popu_Kleak":1.0524995835305184,"scale_popu_nTm":0.96253559378802622,"scale_popu_CaT50ref":0.73974356151372356,"scale_popu_Tref":1.1760975967538543,"scale_popu_kuw":0.76747764989141409,"scale_popu_kws":1.1050709078758985,"scale_popu_kTRPN":1.0932601164012765,"scale_popu_nTRPN":1.1273593967241573,"scale_popu_ku":1.193993619178737,"scale_popu_TRPN50":1.26276340073493,"scale_popu_rw":1.0035300207802031,"scale_popu_rs":0.967018032069483}