{"scale_popu_GNa":0.86264295607425212,"scale_popu_GCaL":1.0999077754611561,"scale_popu_Gto":0.96202583019192756,"scale_popu_GNaL":1.1978129953382883,"scale_popu_GKr":0.91621853673013942,"scale_popu_GKs":0.96222239977435964,"scale_popu_GK1":1.1028766656635218,"scale_popu_GbK":0.86727724384273441,"scale_popu_KNCX":1.149654817560043,"scale_popu_KNaK":0.96158098409593029,"scale_popu_GbNa":1.2301331064344727,"scale_popu_GbCa":1.2384611584952452,"scale_popu_KpCa":1.110103785007811,"scale_popu_KRyR":1.0328089719424944,"scale_popu_KSERCA":0.78596070249793715,"scale_popu_Kleak":0.77255522512926955,"scale_popu_nTm":1.0008301554324333,"scale_popu_CaT50ref":1.3247858218759205,"scale_popu_Tref":1.0955118193316988,"scale_popu_kuw":1.2850552839695,"scale_popu_kws":1.1344140510547105,"scale_popu_kTRPN":0.89358013784272627,"scale_popu_nTRPN":0.95423794782318783,"scale_popu_ku":0.97069801519715448,"scale_popu_TRPN50":1.1599957200395201,"scale_popu_rw":0.88517009912581091,"scale_popu_rs":1.1587749409235815}