{"scale_popu_GNa":1.2450270379838593,"scale_popu_GCaL":0.99969672435992885,"scale_popu_Gto":0.90022056558673713,"scale_popu_GNaL":1.2283981732411728,"scale_popu_GKr":1.0565385065500537,"scale_popu_GKs":1.015309491859373,"scale_popu_GK1":0.93664593458085188,"scale_popu_GbK":0.74664300055158728,"scale_popu_KNCX":0.90588672389470826,"scale_popu_KNaK":1.1296431615821587,"scale_popu_GbNa":1.2278092243434078,"scale_popu_GbCa":1.1207768750405782,"scale_popu_KpCa":0.960579711489155,"scale_popu_KRyR":0.96756941476047487,"scale_popu_KSERCA":0.89610700996911352,"scale_popu_Kleak":0.82507652527864184,"scale_popu_nTm":0.8896893881786665,"scale_popu_CaT50ref":1.302938976061101,"scale_popu_Tref":0.82961781264915191,"scale_popu_kuw":1.0069540648784281,"scale_popu_kws":1.0214811513708744,"scale_popu_kTRPN":1.3044795976902328,"scale_popu_nTRPN":1.156572003473886,"scale_popu_ku":1.0451187819460295,"scale_popu_TRPN50":1.0242764004230338,"scale_popu_rw":0.9790779222932614,"scale_popu_rs":1.0338385192290993}