{"scale_popu_GNa":0.88510478910572787,"scale_popu_GCaL":1.0793999000601597,"scale_popu_Gto":1.0054666083463988,"scale_popu_GNaL":1.0020724555574625,"scale_popu_GKr":1.1861384997884084,"scale_popu_GKs":0.89547227374590987,"scale_popu_GK1":1.214973310877415,"scale_popu_GbK":0.77047535650171939,"scale_popu_KNCX":0.99291993413191659,"scale_popu_KNaK":0.8317593646313014,"scale_popu_GbNa":0.596113325024945,"scale_popu_GbCa":0.79257476828006457,"scale_popu_KpCa":0.91583379963571387,"scale_popu_KRyR":0.8009646485504196,"scale_popu_KSERCA":0.78787780297919707,"scale_popu_Kleak":1.1912889050821027,"scale_popu_nTm":1.1735415637125703,"scale_popu_CaT50ref":0.73185700718945124,"scale_popu_Tref":1.0801725502314916,"scale_popu_kuw":0.846530889589918,"scale_popu_kws":1.14746397157518,"scale_popu_kTRPN":0.99684814128183319,"scale_popu_nTRPN":1.0149176179367316,"scale_popu_ku":1.1529031282139448,"scale_popu_TRPN50":1.2305539247840722,"scale_popu_rw":1.0755951403724884,"scale_popu_rs":1.009121668144036}