{"scale_popu_GNa":0.96763612840816227,"scale_popu_GCaL":1.0571914782353731,"scale_popu_Gto":0.97267613316058088,"scale_popu_GNaL":0.98910851783634268,"scale_popu_GKr":1.0900580880337534,"scale_popu_GKs":1.193625126870864,"scale_popu_GK1":1.062128450023361,"scale_popu_GbK":0.8111977959097707,"scale_popu_KNCX":1.0849874950861813,"scale_popu_KNaK":0.754035228123076,"scale_popu_GbNa":1.0532355774508639,"scale_popu_GbCa":1.1288191807222527,"scale_popu_KpCa":1.0066642964873658,"scale_popu_KRyR":0.92135620912204208,"scale_popu_KSERCA":0.95260579968855774,"scale_popu_Kleak":1.0673302782285219,"scale_popu_nTm":1.1940709974556272,"scale_popu_CaT50ref":0.89995893964445073,"scale_popu_Tref":1.0237578465749153,"scale_popu_kuw":0.64384069886971629,"scale_popu_kws":0.81827207698743165,"scale_popu_kTRPN":1.0658642131361769,"scale_popu_nTRPN":1.4302315227054625,"scale_popu_ku":0.99179918483835616,"scale_popu_TRPN50":1.026409198283379,"scale_popu_rw":0.94469546062330789,"scale_popu_rs":1.2461268010758821}