{"scale_popu_GNa":0.88824291448661485,"scale_popu_GCaL":0.89948248145450294,"scale_popu_Gto":0.99847886293679422,"scale_popu_GNaL":0.99977843974686575,"scale_popu_GKr":0.96311703878734267,"scale_popu_GKs":1.0325797684627442,"scale_popu_GK1":0.95975392186862929,"scale_popu_GbK":0.798093764586234,"scale_popu_KNCX":0.90603453196191441,"scale_popu_KNaK":0.97737249066036069,"scale_popu_GbNa":1.1106657895595788,"scale_popu_GbCa":1.0797303474573745,"scale_popu_KpCa":0.84418014911661909,"scale_popu_KRyR":0.947503765087164,"scale_popu_KSERCA":0.96802652906345954,"scale_popu_Kleak":1.1402048582488655,"scale_popu_nTm":1.1989999987156272,"scale_popu_CaT50ref":1.0312159896615,"scale_popu_Tref":1.155234576138209,"scale_popu_kuw":0.78680356605802859,"scale_popu_kws":0.97516199918787849,"scale_popu_kTRPN":1.0651623646622341,"scale_popu_nTRPN":1.0058016620169108,"scale_popu_ku":1.0404694772388905,"scale_popu_TRPN50":1.0080975793156886,"scale_popu_rw":1.1612165603477143,"scale_popu_rs":0.94352394482997914}