{"scale_popu_GNa":0.98284424818128435,"scale_popu_GCaL":1.031961719015432,"scale_popu_Gto":1.2292749230011781,"scale_popu_GNaL":1.0570580638287757,"scale_popu_GKr":0.85913108170577779,"scale_popu_GKs":0.95709496014485029,"scale_popu_GK1":0.84918825859586411,"scale_popu_GbK":0.86432490414320373,"scale_popu_KNCX":1.1520008896400837,"scale_popu_KNaK":0.86829076844935116,"scale_popu_GbNa":1.2633968453795434,"scale_popu_GbCa":1.1589775872847135,"scale_popu_KpCa":1.0299087827825313,"scale_popu_KRyR":1.3352712486472562,"scale_popu_KSERCA":1.0241267476369207,"scale_popu_Kleak":1.0379195777247539,"scale_popu_nTm":0.89180183935128876,"scale_popu_CaT50ref":0.97789139406063741,"scale_popu_Tref":1.0899725848709918,"scale_popu_kuw":1.0265084641849818,"scale_popu_kws":0.717029806256474,"scale_popu_kTRPN":0.92330959659041878,"scale_popu_nTRPN":1.07919319940215,"scale_popu_ku":1.2394190313300038,"scale_popu_TRPN50":1.3431733771811019,"scale_popu_rw":1.0700322402054512,"scale_popu_rs":0.9856399400395206}