{"scale_popu_GNa":1.1922423041219656,"scale_popu_GCaL":1.187541914426457,"scale_popu_Gto":1.2087259705108486,"scale_popu_GNaL":0.90919453933977046,"scale_popu_GKr":1.1831497600278489,"scale_popu_GKs":1.1264754498191478,"scale_popu_GK1":0.81520143996235339,"scale_popu_GbK":1.1335121203107348,"scale_popu_KNCX":1.0563743286421199,"scale_popu_KNaK":1.2564610964070098,"scale_popu_GbNa":0.80925436611449286,"scale_popu_GbCa":1.0196222720334274,"scale_popu_KpCa":1.1265672769569333,"scale_popu_KRyR":0.95398601943933836,"scale_popu_KSERCA":0.97237169383479,"scale_popu_Kleak":1.004754657866944,"scale_popu_nTm":1.0345816431102848,"scale_popu_CaT50ref":1.07782249228376,"scale_popu_Tref":1.0051144037200268,"scale_popu_kuw":1.1242655698745569,"scale_popu_kws":1.3437380839635029,"scale_popu_kTRPN":0.95245262038364487,"scale_popu_nTRPN":1.1034879454987507,"scale_popu_ku":0.84551457192823609,"scale_popu_TRPN50":0.9685304150130899,"scale_popu_rw":0.81445941502583918,"scale_popu_rs":1.3166402131885084}