{"scale_popu_GNa":1.1305877915784279,"scale_popu_GCaL":0.94901303838786222,"scale_popu_Gto":1.0821077635143679,"scale_popu_GNaL":1.1289060935380053,"scale_popu_GKr":1.0003829484476021,"scale_popu_GKs":1.0285731873386623,"scale_popu_GK1":0.75881126442643909,"scale_popu_GbK":0.86068188979214055,"scale_popu_KNCX":1.0295533093589793,"scale_popu_KNaK":1.1776752563541266,"scale_popu_GbNa":1.1783882332945865,"scale_popu_GbCa":1.24888572379706,"scale_popu_KpCa":1.0823615112631573,"scale_popu_KRyR":0.83483751782530957,"scale_popu_KSERCA":0.89252028917168313,"scale_popu_Kleak":0.95660328416615192,"scale_popu_nTm":0.896176775094638,"scale_popu_CaT50ref":0.99812759546828456,"scale_popu_Tref":0.88118614165719633,"scale_popu_kuw":1.0412884802797548,"scale_popu_kws":1.3732217615102009,"scale_popu_kTRPN":1.0105774655541679,"scale_popu_nTRPN":1.0874745949945654,"scale_popu_ku":1.036846154379145,"scale_popu_TRPN50":1.1764280716187387,"scale_popu_rw":0.95216282633765337,"scale_popu_rs":0.80401797257729113}