{"scale_popu_GNa":1.3653169287406575,"scale_popu_GCaL":0.80047531425562468,"scale_popu_Gto":0.87683645711813829,"scale_popu_GNaL":0.77435530505280614,"scale_popu_GKr":1.0200230683098779,"scale_popu_GKs":1.0098598171616788,"scale_popu_GK1":1.2034674989751086,"scale_popu_GbK":1.1606786062751373,"scale_popu_KNCX":0.88641608313223341,"scale_popu_KNaK":0.71821811147530656,"scale_popu_GbNa":1.1971100117316382,"scale_popu_GbCa":0.85430073270432594,"scale_popu_KpCa":1.1457889768117766,"scale_popu_KRyR":0.98239234329750635,"scale_popu_KSERCA":1.105066077799836,"scale_popu_Kleak":0.98968676058345706,"scale_popu_nTm":0.99335693022292559,"scale_popu_CaT50ref":1.0811875662717856,"scale_popu_Tref":0.91123649616145319,"scale_popu_kuw":1.2297069922707817,"scale_popu_kws":1.1180990595852509,"scale_popu_kTRPN":0.71492823553967866,"scale_popu_nTRPN":1.056627807886207,"scale_popu_ku":1.0774704292595065,"scale_popu_TRPN50":0.87891886055593649,"scale_popu_rw":0.84285994775956652,"scale_popu_rs":0.93283791026483354}