{"scale_popu_GNa":1.1829817525761084,"scale_popu_GCaL":0.92292601267347851,"scale_popu_Gto":1.249895786107067,"scale_popu_GNaL":1.2159160066044252,"scale_popu_GKr":0.82265966583310091,"scale_popu_GKs":1.0625412612102663,"scale_popu_GK1":0.82406419874478654,"scale_popu_GbK":1.08328643704905,"scale_popu_KNCX":1.0074150021654487,"scale_popu_KNaK":1.3558053037189832,"scale_popu_GbNa":1.1626283267753108,"scale_popu_GbCa":0.94782241440615489,"scale_popu_KpCa":0.909203322894029,"scale_popu_KRyR":1.1657528561761141,"scale_popu_KSERCA":1.2732823646765856,"scale_popu_Kleak":1.3122632004485981,"scale_popu_nTm":1.1388950864930638,"scale_popu_CaT50ref":1.0221315161992386,"scale_popu_Tref":1.1320209639837888,"scale_popu_kuw":0.80554008409144839,"scale_popu_kws":0.95219212418861376,"scale_popu_kTRPN":0.98013022177621723,"scale_popu_nTRPN":1.0714057189483406,"scale_popu_ku":0.9961606203954495,"scale_popu_TRPN50":0.77891767235335652,"scale_popu_rw":0.96463837726897306,"scale_popu_rs":1.0842622053006672}