{"scale_popu_GNa":1.0021362383735037,"scale_popu_GCaL":1.1437598805021696,"scale_popu_Gto":0.88953546547458873,"scale_popu_GNaL":0.90231678519481617,"scale_popu_GKr":0.95531275779907354,"scale_popu_GKs":1.1015951960108714,"scale_popu_GK1":0.84699496153317944,"scale_popu_GbK":0.67357790972693343,"scale_popu_KNCX":1.126301218563905,"scale_popu_KNaK":1.0375887903764418,"scale_popu_GbNa":0.96037910248322444,"scale_popu_GbCa":1.1477069413688292,"scale_popu_KpCa":0.84383698542998631,"scale_popu_KRyR":0.68622336014963381,"scale_popu_KSERCA":0.92033037043144628,"scale_popu_Kleak":1.0894339043084573,"scale_popu_nTm":1.2266912581947049,"scale_popu_CaT50ref":1.0422850745658487,"scale_popu_Tref":1.1666731622439699,"scale_popu_kuw":1.1228942050912682,"scale_popu_kws":1.0520935164024283,"scale_popu_kTRPN":0.68973258461791864,"scale_popu_nTRPN":0.90142148157081592,"scale_popu_ku":0.87313139823758312,"scale_popu_TRPN50":1.1471697653782316,"scale_popu_rw":1.1838339815565238,"scale_popu_rs":1.0241505625322478}