{"scale_popu_GNa":1.1118345332081849,"scale_popu_GCaL":0.94069908055424656,"scale_popu_Gto":1.0669761796424526,"scale_popu_GNaL":0.86650008817707425,"scale_popu_GKr":1.1320565848074402,"scale_popu_GKs":0.76669934450142274,"scale_popu_GK1":1.0355168299996445,"scale_popu_GbK":0.85042087091328067,"scale_popu_KNCX":1.1626597331571,"scale_popu_KNaK":0.81856744930150138,"scale_popu_GbNa":1.0113563342478149,"scale_popu_GbCa":0.94351110617781919,"scale_popu_KpCa":1.4104223061978494,"scale_popu_KRyR":0.91981874495834071,"scale_popu_KSERCA":1.0556125156358269,"scale_popu_Kleak":1.268206801046605,"scale_popu_nTm":0.96868316520495124,"scale_popu_CaT50ref":0.92303801878431435,"scale_popu_Tref":1.018177396557314,"scale_popu_kuw":0.99499230370747038,"scale_popu_kws":0.91157870820888709,"scale_popu_kTRPN":0.9764816813291245,"scale_popu_nTRPN":1.1211372619629529,"scale_popu_ku":0.77504461545616332,"scale_popu_TRPN50":0.82463626513161314,"scale_popu_rw":1.03241244660187,"scale_popu_rs":1.2045398338455917}