{"scale_popu_GNa":0.88149912637028882,"scale_popu_GCaL":0.90049880041105168,"scale_popu_Gto":1.2104215980636845,"scale_popu_GNaL":1.0324693879527675,"scale_popu_GKr":0.77649178892414528,"scale_popu_GKs":1.1849933498073106,"scale_popu_GK1":0.82237605974023631,"scale_popu_GbK":0.80306636986322188,"scale_popu_KNCX":1.0943114513837491,"scale_popu_KNaK":0.99031303292672535,"scale_popu_GbNa":1.0649569556782603,"scale_popu_GbCa":1.0271113005939738,"scale_popu_KpCa":1.1358310391974238,"scale_popu_KRyR":0.83215114094109122,"scale_popu_KSERCA":1.0747564152331881,"scale_popu_Kleak":0.95159742226682131,"scale_popu_nTm":1.1107509381879679,"scale_popu_CaT50ref":1.0401714253434216,"scale_popu_Tref":0.95124743140067547,"scale_popu_kuw":1.0125530510563703,"scale_popu_kws":1.0256827194906253,"scale_popu_kTRPN":0.90911721425170688,"scale_popu_nTRPN":1.2279728976727351,"scale_popu_ku":0.98983893386136235,"scale_popu_TRPN50":0.92363448616470833,"scale_popu_rw":0.71070075219865281,"scale_popu_rs":0.67542203707025}