{"scale_popu_GNa":1.0965642703092469,"scale_popu_GCaL":0.87625365318929782,"scale_popu_Gto":0.743225967427372,"scale_popu_GNaL":1.0276942254515169,"scale_popu_GKr":0.96860847074649592,"scale_popu_GKs":1.1327712626134694,"scale_popu_GK1":1.1352327157735567,"scale_popu_GbK":0.7490872795755088,"scale_popu_KNCX":0.97343146883274756,"scale_popu_KNaK":1.0762501121573842,"scale_popu_GbNa":0.9716717668972622,"scale_popu_GbCa":1.02870586667563,"scale_popu_KpCa":0.97582340832818493,"scale_popu_KRyR":1.1345565186387583,"scale_popu_KSERCA":0.86192032713015443,"scale_popu_Kleak":1.0362929467561053,"scale_popu_nTm":0.922567079555893,"scale_popu_CaT50ref":1.0021458427679437,"scale_popu_Tref":1.0607378355763628,"scale_popu_kuw":0.9995850063025441,"scale_popu_kws":1.0068692435679019,"scale_popu_kTRPN":1.0159034490547727,"scale_popu_nTRPN":1.1512043121606717,"scale_popu_ku":0.87006652245618687,"scale_popu_TRPN50":1.0261156167280929,"scale_popu_rw":0.97186337217186991,"scale_popu_rs":1.1288217840782697}