{"scale_popu_GNa":1.10534738012166,"scale_popu_GCaL":1.1154379699193258,"scale_popu_Gto":1.1112831086097645,"scale_popu_GNaL":0.93858961833020715,"scale_popu_GKr":1.014749402864018,"scale_popu_GKs":1.2213534042118028,"scale_popu_GK1":1.0635896606804234,"scale_popu_GbK":0.85691574211748156,"scale_popu_KNCX":1.2025859721862633,"scale_popu_KNaK":1.0354230934959898,"scale_popu_GbNa":0.6502626268478674,"scale_popu_GbCa":1.1833141941552345,"scale_popu_KpCa":1.0607145594197673,"scale_popu_KRyR":0.87317934420721377,"scale_popu_KSERCA":0.995580658485295,"scale_popu_Kleak":1.1665718406530652,"scale_popu_nTm":0.879578705234709,"scale_popu_CaT50ref":1.0516784573779474,"scale_popu_Tref":0.86698955522587373,"scale_popu_kuw":1.0692489768992834,"scale_popu_kws":1.187198150086358,"scale_popu_kTRPN":1.2645830149479136,"scale_popu_nTRPN":1.2111884807750222,"scale_popu_ku":0.92408652599504748,"scale_popu_TRPN50":1.1351979948577611,"scale_popu_rw":1.0552446246499445,"scale_popu_rs":1.1138737986906868}