{"scale_popu_GNa":1.1371400068131694,"scale_popu_GCaL":1.0642732980619249,"scale_popu_Gto":1.2349821854261,"scale_popu_GNaL":1.2531086670851228,"scale_popu_GKr":1.0577746285346852,"scale_popu_GKs":0.94151869732399185,"scale_popu_GK1":0.79856413002980231,"scale_popu_GbK":1.3553621158564215,"scale_popu_KNCX":0.98806088730673147,"scale_popu_KNaK":0.857060130420352,"scale_popu_GbNa":0.72717981398717857,"scale_popu_GbCa":1.0597116847846504,"scale_popu_KpCa":0.94560244472068178,"scale_popu_KRyR":0.93863069616687222,"scale_popu_KSERCA":1.0744667876216709,"scale_popu_Kleak":1.0936619230231912,"scale_popu_nTm":1.0153442706982785,"scale_popu_CaT50ref":1.1557118900569188,"scale_popu_Tref":0.70129114735080444,"scale_popu_kuw":0.95091426837058346,"scale_popu_kws":1.2605790921681579,"scale_popu_kTRPN":1.3906632354373716,"scale_popu_nTRPN":1.0883337534515742,"scale_popu_ku":1.0350161648322507,"scale_popu_TRPN50":0.65829272844116293,"scale_popu_rw":0.74026352256484,"scale_popu_rs":1.0144185644056756}