{"scale_popu_GNa":0.87205631770922531,"scale_popu_GCaL":0.90173745957761386,"scale_popu_Gto":1.1339731951550929,"scale_popu_GNaL":0.66610077696389269,"scale_popu_GKr":0.85877532436511583,"scale_popu_GKs":0.57382076252998315,"scale_popu_GK1":1.2709598036878789,"scale_popu_GbK":0.90467769968701917,"scale_popu_KNCX":0.84784266059239632,"scale_popu_KNaK":1.0390961779704606,"scale_popu_GbNa":0.87322340698025247,"scale_popu_GbCa":1.0056589881516527,"scale_popu_KpCa":1.1421779227805353,"scale_popu_KRyR":1.2768956516453729,"scale_popu_KSERCA":1.011582339425144,"scale_popu_Kleak":1.2124542397881748,"scale_popu_nTm":1.2001227041617437,"scale_popu_CaT50ref":1.2060919069133109,"scale_popu_Tref":1.0275272624805876,"scale_popu_kuw":1.339495295869167,"scale_popu_kws":1.2413891062675426,"scale_popu_kTRPN":0.87762053055440958,"scale_popu_nTRPN":0.80565785133267087,"scale_popu_ku":0.91066878474268631,"scale_popu_TRPN50":0.98158301339859666,"scale_popu_rw":0.86273206307069938,"scale_popu_rs":0.98962248444904122}