{"scale_popu_GNa":1.0562574383836265,"scale_popu_GCaL":1.0343354201915282,"scale_popu_Gto":1.0065639618150972,"scale_popu_GNaL":0.922978049170752,"scale_popu_GKr":0.74840708703257708,"scale_popu_GKs":1.0197393973554698,"scale_popu_GK1":0.62196703432971634,"scale_popu_GbK":0.88155971620695406,"scale_popu_KNCX":1.0494176695408113,"scale_popu_KNaK":1.0906475103917992,"scale_popu_GbNa":0.91426533758826567,"scale_popu_GbCa":1.1186799819517608,"scale_popu_KpCa":1.0498732132838691,"scale_popu_KRyR":1.1407953399689408,"scale_popu_KSERCA":0.86106217326021117,"scale_popu_Kleak":1.0719275548387355,"scale_popu_nTm":0.97392617195135256,"scale_popu_CaT50ref":1.1578795907263912,"scale_popu_Tref":0.9843866434398858,"scale_popu_kuw":1.0920614520594916,"scale_popu_kws":0.9332173063536009,"scale_popu_kTRPN":0.81029051109362216,"scale_popu_nTRPN":1.1219006558732803,"scale_popu_ku":1.0252202966667405,"scale_popu_TRPN50":0.99817393274008748,"scale_popu_rw":0.752314309724866,"scale_popu_rs":0.96367883319355241}