{"scale_popu_GNa":1.0377273322399656,"scale_popu_GCaL":1.1065586956458575,"scale_popu_Gto":0.95177328757309365,"scale_popu_GNaL":1.1142329893321095,"scale_popu_GKr":0.98637613903871424,"scale_popu_GKs":1.2997309764557978,"scale_popu_GK1":1.1179441525348377,"scale_popu_GbK":1.0454494054327843,"scale_popu_KNCX":1.0817077206348737,"scale_popu_KNaK":0.737849895772327,"scale_popu_GbNa":0.94527797526297652,"scale_popu_GbCa":1.2410899174089352,"scale_popu_KpCa":0.98737051703587653,"scale_popu_KRyR":0.72411296265953451,"scale_popu_KSERCA":0.96039860036542146,"scale_popu_Kleak":1.0456284756784127,"scale_popu_nTm":0.81587100491971787,"scale_popu_CaT50ref":1.1679712918504253,"scale_popu_Tref":0.88769917678524957,"scale_popu_kuw":1.1941826079465818,"scale_popu_kws":1.0092689280529255,"scale_popu_kTRPN":1.2082402714765532,"scale_popu_nTRPN":1.1108184512413366,"scale_popu_ku":0.68090104835497722,"scale_popu_TRPN50":1.2062996107111581,"scale_popu_rw":1.0979816386970325,"scale_popu_rs":1.1129415705507633}