{"scale_popu_GNa":1.2102594265797157,"scale_popu_GCaL":1.1735895932282243,"scale_popu_Gto":1.1653139176481142,"scale_popu_GNaL":1.0299834286131178,"scale_popu_GKr":0.83428789936585679,"scale_popu_GKs":1.2317227339167065,"scale_popu_GK1":0.939972218482361,"scale_popu_GbK":1.2419967372636251,"scale_popu_KNCX":1.3903551922096895,"scale_popu_KNaK":0.913330920701417,"scale_popu_GbNa":1.0689587765043078,"scale_popu_GbCa":0.87211972522182324,"scale_popu_KpCa":1.0632648408322727,"scale_popu_KRyR":1.3621734569025898,"scale_popu_KSERCA":0.94668382974191445,"scale_popu_Kleak":0.85447478328992443,"scale_popu_nTm":1.0502666220972341,"scale_popu_CaT50ref":1.177179181094236,"scale_popu_Tref":1.1736320646399054,"scale_popu_kuw":0.76854949649064974,"scale_popu_kws":0.5396611585098966,"scale_popu_kTRPN":0.87104273199342108,"scale_popu_nTRPN":1.1280258126959939,"scale_popu_ku":0.99524323467427211,"scale_popu_TRPN50":0.92029506641212022,"scale_popu_rw":1.0601369196367669,"scale_popu_rs":1.1143545259371432}