{"scale_popu_GNa":1.1233712197186723,"scale_popu_GCaL":1.0046017087606285,"scale_popu_Gto":0.85706192328352726,"scale_popu_GNaL":0.98265808196987736,"scale_popu_GKr":0.88199904924743855,"scale_popu_GKs":0.801331133598232,"scale_popu_GK1":1.134750212883556,"scale_popu_GbK":1.0598681601365361,"scale_popu_KNCX":1.1486406743760555,"scale_popu_KNaK":1.1173163855400259,"scale_popu_GbNa":0.99549612611708649,"scale_popu_GbCa":0.87162091627305782,"scale_popu_KpCa":0.98545996976010342,"scale_popu_KRyR":1.2096773794423428,"scale_popu_KSERCA":1.0830757272920091,"scale_popu_Kleak":0.97821824776803112,"scale_popu_nTm":1.0447638252719098,"scale_popu_CaT50ref":0.76771114326393675,"scale_popu_Tref":1.0425174783893181,"scale_popu_kuw":0.80346574550701244,"scale_popu_kws":0.99110566838801628,"scale_popu_kTRPN":0.9855691326160656,"scale_popu_nTRPN":1.0601426706454022,"scale_popu_ku":0.88027717903167646,"scale_popu_TRPN50":1.1698896637791656,"scale_popu_rw":0.681068188764808,"scale_popu_rs":0.85652929401962952}