{"scale_popu_GNa":0.99754401275916271,"scale_popu_GCaL":1.2192134633037406,"scale_popu_Gto":1.0678879346040013,"scale_popu_GNaL":0.92628960922436743,"scale_popu_GKr":0.96113667469391983,"scale_popu_GKs":0.8652134634524854,"scale_popu_GK1":1.0309333336529447,"scale_popu_GbK":0.85020219297025745,"scale_popu_KNCX":0.95336380743200522,"scale_popu_KNaK":1.338815188566989,"scale_popu_GbNa":0.73877283446067,"scale_popu_GbCa":1.2301288072669325,"scale_popu_KpCa":1.3490002912348711,"scale_popu_KRyR":0.88240249316944719,"scale_popu_KSERCA":0.88250804053296183,"scale_popu_Kleak":0.93971094333866312,"scale_popu_nTm":1.0049930274439052,"scale_popu_CaT50ref":0.91873326165454916,"scale_popu_Tref":0.90991698774729213,"scale_popu_kuw":0.99345193219907257,"scale_popu_kws":1.1017959499908572,"scale_popu_kTRPN":1.2782474056690882,"scale_popu_nTRPN":1.0386387138247255,"scale_popu_ku":0.91641986754263671,"scale_popu_TRPN50":1.3369671161946797,"scale_popu_rw":1.0467253467994748,"scale_popu_rs":1.036956550149895}