{"scale_popu_GNa":1.0373323765724922,"scale_popu_GCaL":0.86904757856922021,"scale_popu_Gto":1.0676871449475609,"scale_popu_GNaL":1.0094545843221288,"scale_popu_GKr":1.0610974753714526,"scale_popu_GKs":0.84964529335881867,"scale_popu_GK1":0.78498457443472613,"scale_popu_GbK":1.0530657418845277,"scale_popu_KNCX":1.1065284235612731,"scale_popu_KNaK":1.0109884023534885,"scale_popu_GbNa":1.0359094544687739,"scale_popu_GbCa":1.2547924740773209,"scale_popu_KpCa":0.86512414396075554,"scale_popu_KRyR":0.94403902999816514,"scale_popu_KSERCA":1.0013829417056226,"scale_popu_Kleak":0.81480862013936639,"scale_popu_nTm":0.76482567759220443,"scale_popu_CaT50ref":0.93903856503544048,"scale_popu_Tref":0.90287953854831815,"scale_popu_kuw":1.112436126433195,"scale_popu_kws":0.99478855337423178,"scale_popu_kTRPN":0.96363655300090978,"scale_popu_nTRPN":1.2759002019421193,"scale_popu_ku":1.0772594783565386,"scale_popu_TRPN50":1.0032789005529288,"scale_popu_rw":1.04182130351732,"scale_popu_rs":0.96872172140914592}