{"scale_popu_GNa":0.985404669656663,"scale_popu_GCaL":0.98531778938252568,"scale_popu_Gto":0.76870707741081512,"scale_popu_GNaL":0.89170131520463547,"scale_popu_GKr":1.0771496785947674,"scale_popu_GKs":1.1257305603752241,"scale_popu_GK1":1.202851579774068,"scale_popu_GbK":0.94331087748053755,"scale_popu_KNCX":1.1829183557895235,"scale_popu_KNaK":0.85923311458654417,"scale_popu_GbNa":0.82831188278508727,"scale_popu_GbCa":1.0357803116557895,"scale_popu_KpCa":1.0202963835892547,"scale_popu_KRyR":1.1900911234862033,"scale_popu_KSERCA":1.122946816533597,"scale_popu_Kleak":0.95812643988822277,"scale_popu_nTm":1.2039759946439377,"scale_popu_CaT50ref":1.0311240305857132,"scale_popu_Tref":1.214545717995509,"scale_popu_kuw":0.89004831212445512,"scale_popu_kws":0.95640701871633349,"scale_popu_kTRPN":0.90369686915384584,"scale_popu_nTRPN":1.0188775183601351,"scale_popu_ku":1.018166556076739,"scale_popu_TRPN50":1.2358581304244893,"scale_popu_rw":0.99422218484550984,"scale_popu_rs":1.2808220619775883}