{"scale_popu_GNa":1.033262652100039,"scale_popu_GCaL":0.96334491079705631,"scale_popu_Gto":1.0061757101176418,"scale_popu_GNaL":1.1149268376104045,"scale_popu_GKr":1.0717143457265905,"scale_popu_GKs":0.71844708452364425,"scale_popu_GK1":1.1391883111170531,"scale_popu_GbK":1.0433949656713044,"scale_popu_KNCX":1.249849275207993,"scale_popu_KNaK":0.94161952133650384,"scale_popu_GbNa":0.93343952602471969,"scale_popu_GbCa":0.88996008018961492,"scale_popu_KpCa":1.2817551187964893,"scale_popu_KRyR":1.1363284188046314,"scale_popu_KSERCA":1.193554087164574,"scale_popu_Kleak":1.0352897748084025,"scale_popu_nTm":0.60581285209711977,"scale_popu_CaT50ref":1.078121504802221,"scale_popu_Tref":0.9971411724925936,"scale_popu_kuw":1.0779696541954871,"scale_popu_kws":0.892850892322223,"scale_popu_kTRPN":1.1776794134256459,"scale_popu_nTRPN":1.3603284188082962,"scale_popu_ku":0.73218211339209871,"scale_popu_TRPN50":1.0873206615180044,"scale_popu_rw":0.82641950980325041,"scale_popu_rs":0.9757981136463465}