{"scale_popu_GNa":0.88754445114684988,"scale_popu_GCaL":1.0756038189716468,"scale_popu_Gto":0.90680035067668951,"scale_popu_GNaL":0.93520058224708824,"scale_popu_GKr":1.2708499156527868,"scale_popu_GKs":0.88817780935274282,"scale_popu_GK1":1.1564906146947835,"scale_popu_GbK":1.147642580822384,"scale_popu_KNCX":0.9086667323371691,"scale_popu_KNaK":0.85340276635059586,"scale_popu_GbNa":1.1298355201893475,"scale_popu_GbCa":0.83516190629745013,"scale_popu_KpCa":1.1766060412959825,"scale_popu_KRyR":0.98237776870498184,"scale_popu_KSERCA":0.90725149494585922,"scale_popu_Kleak":0.9841801184396618,"scale_popu_nTm":1.1649294892841375,"scale_popu_CaT50ref":1.1168336694634688,"scale_popu_Tref":0.99511197382739958,"scale_popu_kuw":0.84707345752869223,"scale_popu_kws":0.96674735292280023,"scale_popu_kTRPN":1.0009486815944384,"scale_popu_nTRPN":0.91964631560141874,"scale_popu_ku":0.97641649700985089,"scale_popu_TRPN50":1.0699962290012537,"scale_popu_rw":0.98300421509124358,"scale_popu_rs":1.1844324525601764}