{"scale_popu_GNa":0.72216237226968327,"scale_popu_GCaL":0.99014797403061039,"scale_popu_Gto":0.84391273604939054,"scale_popu_GNaL":0.9580863021179451,"scale_popu_GKr":1.0179169888367205,"scale_popu_GKs":1.0277576517754623,"scale_popu_GK1":1.2622256715870344,"scale_popu_GbK":0.98155925247072051,"scale_popu_KNCX":1.0662571582794098,"scale_popu_KNaK":1.1349656502556469,"scale_popu_GbNa":0.94840816683980067,"scale_popu_GbCa":1.0599244751369137,"scale_popu_KpCa":0.715689363444606,"scale_popu_KRyR":1.1171135417382032,"scale_popu_KSERCA":0.89387486406483863,"scale_popu_Kleak":0.89061275126360406,"scale_popu_nTm":1.1638874248932942,"scale_popu_CaT50ref":0.76167509189268467,"scale_popu_Tref":0.998648049855962,"scale_popu_kuw":0.9534614766922882,"scale_popu_kws":0.96891400634723734,"scale_popu_kTRPN":0.98413435357211487,"scale_popu_nTRPN":1.1684734983407437,"scale_popu_ku":0.91835101090754756,"scale_popu_TRPN50":1.1292416884633967,"scale_popu_rw":1.1038131912165521,"scale_popu_rs":0.64584412465590924}