{"scale_popu_GNa":1.2209879050628707,"scale_popu_GCaL":0.94308099013739244,"scale_popu_Gto":1.0781133792533748,"scale_popu_GNaL":1.0498704043580871,"scale_popu_GKr":0.9073889153714455,"scale_popu_GKs":1.2119940917782255,"scale_popu_GK1":0.95144410747185093,"scale_popu_GbK":0.8778904964228903,"scale_popu_KNCX":0.93037964167258236,"scale_popu_KNaK":1.0767739955207154,"scale_popu_GbNa":0.99848733429178982,"scale_popu_GbCa":0.89652508381649021,"scale_popu_KpCa":0.93466486181403841,"scale_popu_KRyR":1.216932827897576,"scale_popu_KSERCA":1.022989642506497,"scale_popu_Kleak":1.0278906948407602,"scale_popu_nTm":0.966418401156929,"scale_popu_CaT50ref":1.1232419371619036,"scale_popu_Tref":1.0105082713369866,"scale_popu_kuw":1.0173129299255435,"scale_popu_kws":1.3293091682507456,"scale_popu_kTRPN":0.98547722015352013,"scale_popu_nTRPN":0.90611722251681581,"scale_popu_ku":0.85684036598455293,"scale_popu_TRPN50":1.0103930274287956,"scale_popu_rw":0.91560204682213731,"scale_popu_rs":1.2025567631627108}