{"scale_popu_GNa":1.1136332535536069,"scale_popu_GCaL":1.2246788867732026,"scale_popu_Gto":1.0974760433151147,"scale_popu_GNaL":0.936736319164847,"scale_popu_GKr":1.3747552043582039,"scale_popu_GKs":1.1210507938329619,"scale_popu_GK1":0.91175074291877678,"scale_popu_GbK":0.92999299600263474,"scale_popu_KNCX":1.1082510831784413,"scale_popu_KNaK":0.91540484435471958,"scale_popu_GbNa":0.96017852656448122,"scale_popu_GbCa":0.95498821258709077,"scale_popu_KpCa":0.92018287872240456,"scale_popu_KRyR":1.1952225981518769,"scale_popu_KSERCA":0.77978956289907364,"scale_popu_Kleak":0.92689576396062756,"scale_popu_nTm":1.1702442771703911,"scale_popu_CaT50ref":0.982122822601164,"scale_popu_Tref":1.0142233441365054,"scale_popu_kuw":0.92405183758082265,"scale_popu_kws":0.93451207859443286,"scale_popu_kTRPN":1.2654401253298295,"scale_popu_nTRPN":1.3183762876072107,"scale_popu_ku":1.1395037282094891,"scale_popu_TRPN50":0.89167905604012565,"scale_popu_rw":0.76776559976244,"scale_popu_rs":0.93470047567596448}