{"scale_popu_GNa":0.92143829703795233,"scale_popu_GCaL":0.92107186840144872,"scale_popu_Gto":1.3651558084253208,"scale_popu_GNaL":1.036305831644416,"scale_popu_GKr":0.72509618881310289,"scale_popu_GKs":1.3081212309958474,"scale_popu_GK1":0.83351716365536643,"scale_popu_GbK":1.1279822554644934,"scale_popu_KNCX":1.030598311862529,"scale_popu_KNaK":0.84056353974780162,"scale_popu_GbNa":1.1501430822887526,"scale_popu_GbCa":1.0756417794499908,"scale_popu_KpCa":1.0232137468977911,"scale_popu_KRyR":1.1504179036888715,"scale_popu_KSERCA":0.85437604417894442,"scale_popu_Kleak":1.1781596258244829,"scale_popu_nTm":0.83972278228754282,"scale_popu_CaT50ref":1.0486934263628584,"scale_popu_Tref":0.72109088741932692,"scale_popu_kuw":1.1026432554618086,"scale_popu_kws":1.1237543408861372,"scale_popu_kTRPN":0.8939660464062551,"scale_popu_nTRPN":1.1100249548899725,"scale_popu_ku":1.1601990754533262,"scale_popu_TRPN50":0.80256725765388226,"scale_popu_rw":0.90254205791532716,"scale_popu_rs":0.9279783329691409}