{"scale_popu_GNa":0.805502024117169,"scale_popu_GCaL":0.9325129023986829,"scale_popu_Gto":0.98991699029702274,"scale_popu_GNaL":0.9561573152878714,"scale_popu_GKr":1.0863892639821935,"scale_popu_GKs":0.90296156278876771,"scale_popu_GK1":0.7621393705808609,"scale_popu_GbK":0.85359600103491584,"scale_popu_KNCX":0.9512108784948583,"scale_popu_KNaK":0.77962531099479815,"scale_popu_GbNa":0.7722637209339317,"scale_popu_GbCa":0.92522207662346645,"scale_popu_KpCa":0.8852840056471486,"scale_popu_KRyR":1.0033293903883054,"scale_popu_KSERCA":1.0931964939744572,"scale_popu_Kleak":0.8692194411689339,"scale_popu_nTm":1.2829184664973763,"scale_popu_CaT50ref":0.96508853977493247,"scale_popu_Tref":0.79406891233749322,"scale_popu_kuw":0.91494144448506876,"scale_popu_kws":1.0160436257742396,"scale_popu_kTRPN":1.0496847623575034,"scale_popu_nTRPN":1.0076832837723861,"scale_popu_ku":0.81726691824241771,"scale_popu_TRPN50":0.83200490080537448,"scale_popu_rw":0.9985387221801838,"scale_popu_rs":1.0055533235986374}