{"scale_popu_GNa":0.89001662902506606,"scale_popu_GCaL":1.0297473947549265,"scale_popu_Gto":1.0725589935923912,"scale_popu_GNaL":0.91924371774787372,"scale_popu_GKr":1.1688700919200063,"scale_popu_GKs":1.0191541765640468,"scale_popu_GK1":0.99254288872752849,"scale_popu_GbK":1.1164384266809333,"scale_popu_KNCX":0.84769463312028726,"scale_popu_KNaK":1.1899553682334389,"scale_popu_GbNa":0.93579894654298978,"scale_popu_GbCa":0.95900803864007411,"scale_popu_KpCa":0.77848513802266961,"scale_popu_KRyR":0.76230021975572182,"scale_popu_KSERCA":0.74081489111775745,"scale_popu_Kleak":1.0306226635991513,"scale_popu_nTm":0.89234817100492869,"scale_popu_CaT50ref":1.065607030685098,"scale_popu_Tref":1.3278596857034124,"scale_popu_kuw":0.97750735466187422,"scale_popu_kws":1.0263001955110018,"scale_popu_kTRPN":1.0235262516615942,"scale_popu_nTRPN":1.0557056225983243,"scale_popu_ku":1.0095031580630387,"scale_popu_TRPN50":1.0716770794753498,"scale_popu_rw":0.90042779933929651,"scale_popu_rs":0.92635821691687759}