{"scale_popu_GNa":1.1481458658591424,"scale_popu_GCaL":0.89365545834409643,"scale_popu_Gto":1.0279538984256951,"scale_popu_GNaL":1.0286321412752097,"scale_popu_GKr":0.99213309563461216,"scale_popu_GKs":1.0937355832056335,"scale_popu_GK1":1.2309748036934445,"scale_popu_GbK":1.2191889405064416,"scale_popu_KNCX":0.9118289206514727,"scale_popu_KNaK":1.1716241521483945,"scale_popu_GbNa":0.853963286032545,"scale_popu_GbCa":1.1419652330571457,"scale_popu_KpCa":1.0562947547746473,"scale_popu_KRyR":1.1673905640937499,"scale_popu_KSERCA":0.98093956564821327,"scale_popu_Kleak":1.0896521236813643,"scale_popu_nTm":0.91509781903714094,"scale_popu_CaT50ref":1.0887541536140508,"scale_popu_Tref":0.77362577272166366,"scale_popu_kuw":0.93389825131810777,"scale_popu_kws":0.7524577024141863,"scale_popu_kTRPN":0.75393148735391069,"scale_popu_nTRPN":1.0518906432951345,"scale_popu_ku":1.0020211271321549,"scale_popu_TRPN50":0.71718141790741652,"scale_popu_rw":1.3275340361895911,"scale_popu_rs":1.0171567783760336}