{"scale_popu_GNa":0.729792764015663,"scale_popu_GCaL":0.93621321021720683,"scale_popu_Gto":1.0332960070965387,"scale_popu_GNaL":0.97866152804582218,"scale_popu_GKr":0.85874826458566844,"scale_popu_GKs":0.98338000014328586,"scale_popu_GK1":0.93631923380139137,"scale_popu_GbK":0.97453187840369626,"scale_popu_KNCX":1.176601989354533,"scale_popu_KNaK":1.1046917762384181,"scale_popu_GbNa":0.93972763388630243,"scale_popu_GbCa":1.1413645949896727,"scale_popu_KpCa":1.0321906635889222,"scale_popu_KRyR":0.93839437724529184,"scale_popu_KSERCA":1.1564777534764819,"scale_popu_Kleak":0.96266333896558209,"scale_popu_nTm":1.1280465340632391,"scale_popu_CaT50ref":0.83815926395080065,"scale_popu_Tref":0.90483687811839753,"scale_popu_kuw":0.8928371711850015,"scale_popu_kws":0.75577963553730265,"scale_popu_kTRPN":1.0388260117365637,"scale_popu_nTRPN":0.89287202576162594,"scale_popu_ku":0.90863492813758373,"scale_popu_TRPN50":1.2378477099944352,"scale_popu_rw":1.0761876996274033,"scale_popu_rs":0.99617326516016291}