{"scale_popu_GNa":0.85020533101541584,"scale_popu_GCaL":1.0911523351050427,"scale_popu_Gto":0.96864932332402209,"scale_popu_GNaL":1.0488183988949402,"scale_popu_GKr":0.9843071715477093,"scale_popu_GKs":1.4878534289803009,"scale_popu_GK1":0.92944566253885252,"scale_popu_GbK":0.86480945738336579,"scale_popu_KNCX":1.1114796436011452,"scale_popu_KNaK":1.0722751675552755,"scale_popu_GbNa":1.4172433907351121,"scale_popu_GbCa":0.80311882582474681,"scale_popu_KpCa":1.2596546875016008,"scale_popu_KRyR":0.90929278205260888,"scale_popu_KSERCA":0.89706940683141756,"scale_popu_Kleak":0.67496419283514175,"scale_popu_nTm":1.0899702814245964,"scale_popu_CaT50ref":1.0312874485422561,"scale_popu_Tref":0.91442010757524672,"scale_popu_kuw":0.63785801316338731,"scale_popu_kws":0.81504826165590039,"scale_popu_kTRPN":0.8804154554680651,"scale_popu_nTRPN":1.2931085312251511,"scale_popu_ku":1.0379995631374743,"scale_popu_TRPN50":1.1026681751808114,"scale_popu_rw":0.55516054757034294,"scale_popu_rs":0.93026895118507913}