{"scale_popu_GNa":1.0392798932249985,"scale_popu_GCaL":0.98298917796508634,"scale_popu_Gto":0.99894518863241888,"scale_popu_GNaL":1.2081573202082154,"scale_popu_GKr":1.1358917892927349,"scale_popu_GKs":1.0009389692741295,"scale_popu_GK1":0.84717534936092553,"scale_popu_GbK":0.94235409744711729,"scale_popu_KNCX":1.1717521584589954,"scale_popu_KNaK":1.0477983266296957,"scale_popu_GbNa":1.2311453617098107,"scale_popu_GbCa":1.1010742017004784,"scale_popu_KpCa":0.82000279678984522,"scale_popu_KRyR":0.75316571145431244,"scale_popu_KSERCA":0.88239523606467107,"scale_popu_Kleak":0.82971608288834531,"scale_popu_nTm":0.76996409807740385,"scale_popu_CaT50ref":1.176125575835052,"scale_popu_Tref":0.99433025136380682,"scale_popu_kuw":0.68474875684364711,"scale_popu_kws":1.1920674692000728,"scale_popu_kTRPN":0.9488327301946291,"scale_popu_nTRPN":1.0578926214661559,"scale_popu_ku":1.2849360685097726,"scale_popu_TRPN50":0.95541635441049233,"scale_popu_rw":1.2018128366026295,"scale_popu_rs":0.999198195140375}