{"scale_popu_GNa":0.81811241753722741,"scale_popu_GCaL":0.93197972463001277,"scale_popu_Gto":1.0805111002734835,"scale_popu_GNaL":1.055406709403125,"scale_popu_GKr":1.0004866991700738,"scale_popu_GKs":1.0492078068198125,"scale_popu_GK1":1.1529560434864965,"scale_popu_GbK":0.88475117098030842,"scale_popu_KNCX":1.1132073982945569,"scale_popu_KNaK":0.842305784514415,"scale_popu_GbNa":1.1727345166212531,"scale_popu_GbCa":1.0648932156970037,"scale_popu_KpCa":1.1473435370928575,"scale_popu_KRyR":1.0482109353463411,"scale_popu_KSERCA":0.9685840515744788,"scale_popu_Kleak":0.97566275037421435,"scale_popu_nTm":0.95901559472936559,"scale_popu_CaT50ref":1.1212513385607168,"scale_popu_Tref":1.1257012315114583,"scale_popu_kuw":1.0757626691669953,"scale_popu_kws":1.0515656436255545,"scale_popu_kTRPN":0.92323519112974439,"scale_popu_nTRPN":1.174921624130975,"scale_popu_ku":0.9840869429890825,"scale_popu_TRPN50":1.0265061857137066,"scale_popu_rw":0.88694382579630271,"scale_popu_rs":1.0623967010886963}