{"scale_popu_GNa":0.83352984648962192,"scale_popu_GCaL":0.99444101972874432,"scale_popu_Gto":1.0117169818755636,"scale_popu_GNaL":1.2326571640274275,"scale_popu_GKr":0.81400577488270753,"scale_popu_GKs":0.8798273041843947,"scale_popu_GK1":0.70605758816822273,"scale_popu_GbK":1.3730004801582396,"scale_popu_KNCX":1.0859967954280072,"scale_popu_KNaK":1.0240187612048488,"scale_popu_GbNa":1.0419438586024996,"scale_popu_GbCa":0.946145004144601,"scale_popu_KpCa":0.83868009588212544,"scale_popu_KRyR":1.0725255573464669,"scale_popu_KSERCA":0.93760511156237469,"scale_popu_Kleak":0.92075411007660146,"scale_popu_nTm":1.0427865992781598,"scale_popu_CaT50ref":1.1062716312426877,"scale_popu_Tref":1.1007717503966092,"scale_popu_kuw":1.1523333109833269,"scale_popu_kws":1.0820972944360354,"scale_popu_kTRPN":0.80809817646765347,"scale_popu_nTRPN":1.0268433359316795,"scale_popu_ku":1.1193785804150083,"scale_popu_TRPN50":1.0927520079223694,"scale_popu_rw":0.946748187036116,"scale_popu_rs":1.0533870406426444}