{"scale_popu_GNa":0.77361261961712957,"scale_popu_GCaL":1.2065038091040516,"scale_popu_Gto":1.0455287234740749,"scale_popu_GNaL":0.86402995967839125,"scale_popu_GKr":0.95652652925297565,"scale_popu_GKs":0.83168394298812953,"scale_popu_GK1":0.99182233103579587,"scale_popu_GbK":0.86021481773324993,"scale_popu_KNCX":0.95610389034474019,"scale_popu_KNaK":0.98936759421070719,"scale_popu_GbNa":0.97272891415777729,"scale_popu_GbCa":0.8621794116210425,"scale_popu_KpCa":1.0194615479063966,"scale_popu_KRyR":1.0964954786481416,"scale_popu_KSERCA":0.88725061876032485,"scale_popu_Kleak":1.1773272105165562,"scale_popu_nTm":1.0546686402761842,"scale_popu_CaT50ref":1.0543856552111888,"scale_popu_Tref":0.96933062808419468,"scale_popu_kuw":0.90425814979331687,"scale_popu_kws":1.1060587720603903,"scale_popu_kTRPN":0.86202901565172363,"scale_popu_nTRPN":1.029859171034174,"scale_popu_ku":0.88800996155615675,"scale_popu_TRPN50":0.98592559938832114,"scale_popu_rw":1.0827498212622866,"scale_popu_rs":0.73369248211147142}