{"scale_popu_GNa":0.77735373423697485,"scale_popu_GCaL":1.055101641277127,"scale_popu_Gto":0.89471912293975431,"scale_popu_GNaL":1.05964971249488,"scale_popu_GKr":0.82625996757030884,"scale_popu_GKs":0.90147758633394959,"scale_popu_GK1":1.1055176546100283,"scale_popu_GbK":1.014849089078486,"scale_popu_KNCX":1.0099355021828667,"scale_popu_KNaK":1.2379086980749763,"scale_popu_GbNa":1.0590350416934393,"scale_popu_GbCa":0.86216564293414388,"scale_popu_KpCa":1.1048098837015985,"scale_popu_KRyR":0.99666000854168835,"scale_popu_KSERCA":1.0022630425441046,"scale_popu_Kleak":0.90353751945927629,"scale_popu_nTm":0.93886574338042761,"scale_popu_CaT50ref":0.820276061389563,"scale_popu_Tref":1.0049726794709979,"scale_popu_kuw":0.99495599206075369,"scale_popu_kws":0.867253362389302,"scale_popu_kTRPN":1.1139652018038302,"scale_popu_nTRPN":0.9977769118040859,"scale_popu_ku":1.0351137009158586,"scale_popu_TRPN50":1.4263921772049426,"scale_popu_rw":1.0227453828955926,"scale_popu_rs":0.95032890880669552}