{"scale_popu_GNa":0.921648569509055,"scale_popu_GCaL":0.85647916015366921,"scale_popu_Gto":1.1162192236278707,"scale_popu_GNaL":1.203156552183684,"scale_popu_GKr":1.1662324161004498,"scale_popu_GKs":1.0350670390021559,"scale_popu_GK1":0.89297754806906537,"scale_popu_GbK":0.979242388707276,"scale_popu_KNCX":1.1975883961784148,"scale_popu_KNaK":1.0799807682639704,"scale_popu_GbNa":0.98232833371524486,"scale_popu_GbCa":1.1979625038987143,"scale_popu_KpCa":0.90103753310714607,"scale_popu_KRyR":1.2708936097023971,"scale_popu_KSERCA":1.2223248620075537,"scale_popu_Kleak":1.0321323664275757,"scale_popu_nTm":1.0500433828358695,"scale_popu_CaT50ref":0.84356948287922329,"scale_popu_Tref":1.0499160551029545,"scale_popu_kuw":1.0623357238543492,"scale_popu_kws":0.92485196534238034,"scale_popu_kTRPN":0.62717796139931781,"scale_popu_nTRPN":1.0422438450352307,"scale_popu_ku":1.0293525577504026,"scale_popu_TRPN50":1.0642094388703678,"scale_popu_rw":1.0093652491103389,"scale_popu_rs":1.0358308980491002}