{"scale_popu_GNa":1.0015840770519258,"scale_popu_GCaL":0.74363098950830264,"scale_popu_Gto":1.0175018186059051,"scale_popu_GNaL":1.3030646194601159,"scale_popu_GKr":1.0340040732191929,"scale_popu_GKs":1.0658879968478792,"scale_popu_GK1":0.98670209917910989,"scale_popu_GbK":0.85811305548064054,"scale_popu_KNCX":1.0538056179957387,"scale_popu_KNaK":0.83185263811012444,"scale_popu_GbNa":1.1653348032709256,"scale_popu_GbCa":1.0433214006713143,"scale_popu_KpCa":0.97243523059096948,"scale_popu_KRyR":1.0602496528140477,"scale_popu_KSERCA":0.92893509813093933,"scale_popu_Kleak":0.99964069613642159,"scale_popu_nTm":0.92810231268569909,"scale_popu_CaT50ref":0.94200341404181165,"scale_popu_Tref":1.0764282075253468,"scale_popu_kuw":0.9425278198608158,"scale_popu_kws":1.2510564267799649,"scale_popu_kTRPN":0.90051961482008513,"scale_popu_nTRPN":1.088002853643365,"scale_popu_ku":1.1555431422395142,"scale_popu_TRPN50":0.85961510098418581,"scale_popu_rw":0.95631846090211814,"scale_popu_rs":1.2105244599263019}