{"scale_popu_GNa":0.7486039048241887,"scale_popu_GCaL":0.94178811366772663,"scale_popu_Gto":1.0000556445933366,"scale_popu_GNaL":0.911081642288971,"scale_popu_GKr":0.9770615549314976,"scale_popu_GKs":1.0582205610185744,"scale_popu_GK1":0.99322149070728549,"scale_popu_GbK":1.0625896573075271,"scale_popu_KNCX":0.9617953136898445,"scale_popu_KNaK":1.2057511378166681,"scale_popu_GbNa":1.2889936140924736,"scale_popu_GbCa":1.0750429868730254,"scale_popu_KpCa":0.86065047907534764,"scale_popu_KRyR":1.1620470478474567,"scale_popu_KSERCA":1.2020944312037412,"scale_popu_Kleak":1.1493852636041662,"scale_popu_nTm":1.0446559867414689,"scale_popu_CaT50ref":1.2232380581965248,"scale_popu_Tref":1.2583578059237668,"scale_popu_kuw":0.93580574751846046,"scale_popu_kws":0.8542073564157795,"scale_popu_kTRPN":0.76693544064380059,"scale_popu_nTRPN":1.0082468818013235,"scale_popu_ku":1.0809711604989394,"scale_popu_TRPN50":1.0251355689381678,"scale_popu_rw":1.0171820486152663,"scale_popu_rs":1.0515565755036034}