{"scale_popu_GNa":0.78768471662047435,"scale_popu_GCaL":0.77865418052459545,"scale_popu_Gto":1.0421105800321695,"scale_popu_GNaL":0.661502216970103,"scale_popu_GKr":0.89657025705317583,"scale_popu_GKs":1.0593370776314397,"scale_popu_GK1":0.726927032862243,"scale_popu_GbK":1.0450108231291242,"scale_popu_KNCX":1.073219811652669,"scale_popu_KNaK":0.859447161363385,"scale_popu_GbNa":1.1127288016182759,"scale_popu_GbCa":0.69549959998047628,"scale_popu_KpCa":0.99438847716691237,"scale_popu_KRyR":1.0535859515571462,"scale_popu_KSERCA":1.2503118464665031,"scale_popu_Kleak":0.94237459258505,"scale_popu_nTm":0.95758870517388051,"scale_popu_CaT50ref":0.90326340429042229,"scale_popu_Tref":1.0166513293336692,"scale_popu_kuw":1.1044994635550087,"scale_popu_kws":0.8921923350559835,"scale_popu_kTRPN":1.2612921659180771,"scale_popu_nTRPN":1.0006407344376032,"scale_popu_ku":0.87690233998237588,"scale_popu_TRPN50":0.83684775197381511,"scale_popu_rw":0.96279856245682272,"scale_popu_rs":1.1096388533441748}