{"scale_popu_GNa":0.97523470881339014,"scale_popu_GCaL":0.87798961439062473,"scale_popu_Gto":1.1336188888197753,"scale_popu_GNaL":0.79013370602898148,"scale_popu_GKr":0.98878423654237035,"scale_popu_GKs":1.0922756707048327,"scale_popu_GK1":1.2033154574630067,"scale_popu_GbK":0.88327845791797011,"scale_popu_KNCX":0.968412807136315,"scale_popu_KNaK":1.0089416982380179,"scale_popu_GbNa":1.0750836302757407,"scale_popu_GbCa":1.1778768579697623,"scale_popu_KpCa":0.7070701318711039,"scale_popu_KRyR":0.83135944413658269,"scale_popu_KSERCA":1.0630806413689176,"scale_popu_Kleak":0.96534901577371679,"scale_popu_nTm":1.0478163260909463,"scale_popu_CaT50ref":0.91853333973101436,"scale_popu_Tref":0.98010864279055421,"scale_popu_kuw":0.87593131434695493,"scale_popu_kws":1.0210994368456356,"scale_popu_kTRPN":0.97807365291933,"scale_popu_nTRPN":0.88200423650539461,"scale_popu_ku":1.17768816836348,"scale_popu_TRPN50":1.1336012193605842,"scale_popu_rw":0.99421332741920132,"scale_popu_rs":1.0774566214453902}