{"scale_popu_GNa":1.0279536689551674,"scale_popu_GCaL":1.0226662458977527,"scale_popu_Gto":0.73961657271623538,"scale_popu_GNaL":1.0073577218326772,"scale_popu_GKr":1.0641785787766334,"scale_popu_GKs":0.97522309242120286,"scale_popu_GK1":1.0137314827626815,"scale_popu_GbK":0.8355781590998923,"scale_popu_KNCX":1.1212371235895542,"scale_popu_KNaK":0.920413794089339,"scale_popu_GbNa":1.2284133881111243,"scale_popu_GbCa":0.70141231777188606,"scale_popu_KpCa":0.52612941137947133,"scale_popu_KRyR":0.89496689831392351,"scale_popu_KSERCA":0.98406247120041879,"scale_popu_Kleak":1.0170878346174137,"scale_popu_nTm":1.0347021592667947,"scale_popu_CaT50ref":0.93123267354868011,"scale_popu_Tref":1.3241610737771874,"scale_popu_kuw":0.75465576133445789,"scale_popu_kws":0.924622085236169,"scale_popu_kTRPN":0.99508577814893562,"scale_popu_nTRPN":0.98480747554907155,"scale_popu_ku":0.867278568837799,"scale_popu_TRPN50":1.2223901263122727,"scale_popu_rw":1.1344720332963336,"scale_popu_rs":1.0893004829228305}