{"scale_popu_GNa":1.235775724908839,"scale_popu_GCaL":1.0863680801023781,"scale_popu_Gto":0.88992116822731271,"scale_popu_GNaL":1.1280204429861302,"scale_popu_GKr":0.91492424787186777,"scale_popu_GKs":1.0022625101962022,"scale_popu_GK1":1.1092064038101679,"scale_popu_GbK":0.97244259242519593,"scale_popu_KNCX":1.2269808666313242,"scale_popu_KNaK":0.94175128748377623,"scale_popu_GbNa":1.0688894262232427,"scale_popu_GbCa":0.83532969757829123,"scale_popu_KpCa":1.0811444218158086,"scale_popu_KRyR":1.1964151922379129,"scale_popu_KSERCA":0.99526044857074836,"scale_popu_Kleak":0.82113557031821327,"scale_popu_nTm":1.1713175737915811,"scale_popu_CaT50ref":0.78863704998880868,"scale_popu_Tref":0.828232190446185,"scale_popu_kuw":0.92143669176741316,"scale_popu_kws":0.90930606095173538,"scale_popu_kTRPN":0.86654671769511082,"scale_popu_nTRPN":0.98171854629744693,"scale_popu_ku":1.1369111976039705,"scale_popu_TRPN50":1.2213311856675095,"scale_popu_rw":0.92383872679060841,"scale_popu_rs":0.84822026388818772}