{"scale_popu_GNa":1.0865654150189541,"scale_popu_GCaL":1.1247497713107726,"scale_popu_Gto":0.94649362425510819,"scale_popu_GNaL":1.0089645171246737,"scale_popu_GKr":1.1136073210392907,"scale_popu_GKs":1.1417941910073639,"scale_popu_GK1":1.0894927521489777,"scale_popu_GbK":1.3018194501157077,"scale_popu_KNCX":1.3336158678483359,"scale_popu_KNaK":1.0751509136613309,"scale_popu_GbNa":0.97487833361039122,"scale_popu_GbCa":1.2906067851714558,"scale_popu_KpCa":0.93720289864719453,"scale_popu_KRyR":1.2957568971638931,"scale_popu_KSERCA":1.0474049520816817,"scale_popu_Kleak":1.0219925488783541,"scale_popu_nTm":1.0639660991782898,"scale_popu_CaT50ref":1.0410803373096753,"scale_popu_Tref":1.076497967048575,"scale_popu_kuw":1.3864108775553419,"scale_popu_kws":0.95426441099016523,"scale_popu_kTRPN":1.1763951027640593,"scale_popu_nTRPN":1.0052644515477478,"scale_popu_ku":1.1761240610835675,"scale_popu_TRPN50":1.1603741014882862,"scale_popu_rw":0.93702856697942016,"scale_popu_rs":1.0026521946323654}