{"scale_popu_GNa":1.1615825588775781,"scale_popu_GCaL":0.86572094133165189,"scale_popu_Gto":0.969908948132638,"scale_popu_GNaL":0.96596593464858782,"scale_popu_GKr":1.0577044036144616,"scale_popu_GKs":1.0904656715907508,"scale_popu_GK1":1.1572262564701252,"scale_popu_GbK":1.0085469279395327,"scale_popu_KNCX":0.92030122782876023,"scale_popu_KNaK":0.95632368308369231,"scale_popu_GbNa":1.0003998998999044,"scale_popu_GbCa":1.1077669020093497,"scale_popu_KpCa":0.62925306236920664,"scale_popu_KRyR":0.7321539882187198,"scale_popu_KSERCA":1.071809494890462,"scale_popu_Kleak":0.9916823973651302,"scale_popu_nTm":0.76368105362458127,"scale_popu_CaT50ref":0.95356180949216574,"scale_popu_Tref":0.89101171558800241,"scale_popu_kuw":0.93435090290943423,"scale_popu_kws":0.88008828617011658,"scale_popu_kTRPN":0.85004918184769351,"scale_popu_nTRPN":1.1845452755668286,"scale_popu_ku":1.0862157699637092,"scale_popu_TRPN50":0.91826113927837494,"scale_popu_rw":0.984428280665647,"scale_popu_rs":1.0361951565554517}