{"scale_popu_GNa":1.0133591703874447,"scale_popu_GCaL":1.0932775851000831,"scale_popu_Gto":0.99071445002212322,"scale_popu_GNaL":0.8888610310615066,"scale_popu_GKr":0.98575039537955134,"scale_popu_GKs":1.1974815549739621,"scale_popu_GK1":0.98579076899544626,"scale_popu_GbK":1.1449750025532985,"scale_popu_KNCX":1.0511416271011704,"scale_popu_KNaK":1.179193464867597,"scale_popu_GbNa":0.9436180429448614,"scale_popu_GbCa":0.85567645102247647,"scale_popu_KpCa":1.0549735374862979,"scale_popu_KRyR":0.61799898784017593,"scale_popu_KSERCA":1.4616273926123606,"scale_popu_Kleak":0.82898772150965738,"scale_popu_nTm":1.2606719941610569,"scale_popu_CaT50ref":0.81170566545686906,"scale_popu_Tref":0.71181550125918469,"scale_popu_kuw":0.96885064030982926,"scale_popu_kws":0.94710494713659932,"scale_popu_kTRPN":1.1654510805134057,"scale_popu_nTRPN":1.0164205599603058,"scale_popu_ku":1.0538581747156124,"scale_popu_TRPN50":1.2307640987298394,"scale_popu_rw":0.80536542364772223,"scale_popu_rs":0.862198066046594}