{"scale_popu_GNa":0.977132393092131,"scale_popu_GCaL":1.0293502690231076,"scale_popu_Gto":1.0360657212902358,"scale_popu_GNaL":0.96671489934546284,"scale_popu_GKr":1.2315844840483132,"scale_popu_GKs":1.1814618003434747,"scale_popu_GK1":1.093295138996252,"scale_popu_GbK":0.93199776733652151,"scale_popu_KNCX":1.0669169339095288,"scale_popu_KNaK":1.1062093541044291,"scale_popu_GbNa":0.99510896827314466,"scale_popu_GbCa":1.0179198253091111,"scale_popu_KpCa":0.90514079198081787,"scale_popu_KRyR":1.2567728683520762,"scale_popu_KSERCA":0.77369940077827171,"scale_popu_Kleak":1.0118832324043852,"scale_popu_nTm":0.994602694519294,"scale_popu_CaT50ref":1.0025923721928767,"scale_popu_Tref":0.982719466896315,"scale_popu_kuw":0.81928061008645547,"scale_popu_kws":1.0156527283756445,"scale_popu_kTRPN":0.9711854407752476,"scale_popu_nTRPN":0.95735200643105489,"scale_popu_ku":1.0151284166279271,"scale_popu_TRPN50":0.91292242617288033,"scale_popu_rw":1.2135437728296339,"scale_popu_rs":0.88472572563738794}