{"scale_popu_GNa":1.0807491795773672,"scale_popu_GCaL":1.0895829780453519,"scale_popu_Gto":1.1443961551815744,"scale_popu_GNaL":1.0512669353212611,"scale_popu_GKr":0.910338145574169,"scale_popu_GKs":0.79800405936278063,"scale_popu_GK1":1.0899501920466077,"scale_popu_GbK":1.1863039333686931,"scale_popu_KNCX":0.98927730056383933,"scale_popu_KNaK":0.89610481478979387,"scale_popu_GbNa":1.0094574989904979,"scale_popu_GbCa":1.0904744051817281,"scale_popu_KpCa":1.1841364835288548,"scale_popu_KRyR":0.89570745764520332,"scale_popu_KSERCA":0.9971925406147909,"scale_popu_Kleak":1.0295925384280404,"scale_popu_nTm":0.913467430613568,"scale_popu_CaT50ref":0.93700685764708835,"scale_popu_Tref":0.83640726900781837,"scale_popu_kuw":0.72341050039708188,"scale_popu_kws":1.0372656277632155,"scale_popu_kTRPN":1.1368948162332939,"scale_popu_nTRPN":1.0411737727950261,"scale_popu_ku":1.0536726723602838,"scale_popu_TRPN50":1.258717901458293,"scale_popu_rw":1.26896473033961,"scale_popu_rs":1.186131967884696}