{
"scale_drug_INa":0.945598625,
"scale_drug_INaL":1.0000,
"scale_drug_Ito":0.98393,
"scale_drug_ICaL":0.6153789,
"scale_drug_IKr":0.430434488,
"scale_drug_IKs":0.901037118,
"scale_drug_IK1":0.979656926,
"scale_drug_IKb":1.0000,
"scale_drug_INab":1.0000,
"scale_drug_ICab":1.0000,
"scale_drug_IpCa":1.0000,
"scale_drug_Isacns":1.0000,
"scale_drug_Isack":1.0000
}
