{"scale_popu_GNa":1.2714256306738956,"scale_popu_GCaL":0.882727905516656,"scale_popu_Gto":1.1805251201833165,"scale_popu_GNaL":0.89665053412715034,"scale_popu_GKr":0.69060074890151846,"scale_popu_GKs":0.95937376536012353,"scale_popu_GK1":1.0911826476585171,"scale_popu_GbK":0.92462802561116031,"scale_popu_KNCX":1.2196570492492051,"scale_popu_KNaK":0.96790478541555713,"scale_popu_GbNa":1.0929430435897607,"scale_popu_GbCa":0.92525158272783781,"scale_popu_KpCa":0.893531553030393,"scale_popu_KRyR":0.89220471066289131,"scale_popu_KSERCA":1.1847320316670933,"scale_popu_Kleak":1.0645087256877079,"scale_popu_nTm":1.1669751144277516,"scale_popu_CaT50ref":0.91858544486849347,"scale_popu_Tref":0.81057399537427588,"scale_popu_kuw":0.83018413992976425,"scale_popu_kws":1.1048577944589597,"scale_popu_kTRPN":0.91674184405376213,"scale_popu_nTRPN":1.0421055066511298,"scale_popu_ku":0.9199645843412,"scale_popu_TRPN50":0.80115229074317562,"scale_popu_rw":1.1028651933847107,"scale_popu_rs":1.0192043775910051}