{"scale_popu_GNa":0.93402885606282315,"scale_popu_GCaL":1.3654673683098768,"scale_popu_Gto":1.0548573301046877,"scale_popu_GNaL":0.80904766818364415,"scale_popu_GKr":1.0964106105919942,"scale_popu_GKs":0.76836422741146926,"scale_popu_GK1":0.82274365140491668,"scale_popu_GbK":0.93161341111245366,"scale_popu_KNCX":0.89862967601295962,"scale_popu_KNaK":1.0647697468914243,"scale_popu_GbNa":0.98106009438298036,"scale_popu_GbCa":0.71497616595373736,"scale_popu_KpCa":0.97385833016082757,"scale_popu_KRyR":0.79421261952498134,"scale_popu_KSERCA":1.1770977177664292,"scale_popu_Kleak":1.3000492475277767,"scale_popu_nTm":1.3811955281807655,"scale_popu_CaT50ref":1.0118552035012554,"scale_popu_Tref":0.71057577147327522,"scale_popu_kuw":1.0881068251435047,"scale_popu_kws":0.905412922936647,"scale_popu_kTRPN":0.91946691203861941,"scale_popu_nTRPN":1.0321440028599511,"scale_popu_ku":0.92430881373679052,"scale_popu_TRPN50":1.0137302712172584,"scale_popu_rw":1.0175713593226392,"scale_popu_rs":0.88497416143576346}