{"scale_popu_GNa":0.8109868808390942,"scale_popu_GCaL":0.97270719576201137,"scale_popu_Gto":0.944531791286071,"scale_popu_GNaL":0.91416405807266743,"scale_popu_GKr":1.0737979840748477,"scale_popu_GKs":0.91359712967444384,"scale_popu_GK1":0.70972741782994575,"scale_popu_GbK":1.2207067091946688,"scale_popu_KNCX":0.85102086111255193,"scale_popu_KNaK":0.979330240606783,"scale_popu_GbNa":1.1064690871674971,"scale_popu_GbCa":1.2903946948047389,"scale_popu_KpCa":1.3168061253390215,"scale_popu_KRyR":1.0338177497529832,"scale_popu_KSERCA":1.0472928297405011,"scale_popu_Kleak":0.91314940447289561,"scale_popu_nTm":1.104503305986261,"scale_popu_CaT50ref":1.2963727818445343,"scale_popu_Tref":0.79055095401505326,"scale_popu_kuw":1.0015214657960796,"scale_popu_kws":0.85547154939727443,"scale_popu_kTRPN":0.978163313901955,"scale_popu_nTRPN":0.99974315374709266,"scale_popu_ku":0.96784195546679608,"scale_popu_TRPN50":0.8986915259309779,"scale_popu_rw":0.83955865107651662,"scale_popu_rs":1.0004636535595304}