{"scale_popu_GNa":0.71837637439182545,"scale_popu_GCaL":1.1096394423524918,"scale_popu_Gto":0.89675476501649543,"scale_popu_GNaL":1.0896900800303442,"scale_popu_GKr":1.1132180608381557,"scale_popu_GKs":1.10628405171256,"scale_popu_GK1":0.69409003051401963,"scale_popu_GbK":1.0368461325952656,"scale_popu_KNCX":0.97832115476504844,"scale_popu_KNaK":0.79276609374474427,"scale_popu_GbNa":0.71559054562822544,"scale_popu_GbCa":1.2982753976734183,"scale_popu_KpCa":0.92218459212443282,"scale_popu_KRyR":0.65126552632726087,"scale_popu_KSERCA":1.0015140183492377,"scale_popu_Kleak":0.94291019957377731,"scale_popu_nTm":1.0535094431593908,"scale_popu_CaT50ref":1.2300644987923002,"scale_popu_Tref":0.98716728505824758,"scale_popu_kuw":0.85984673330586714,"scale_popu_kws":0.94360705904638065,"scale_popu_kTRPN":1.0521804808175947,"scale_popu_nTRPN":0.88894848138435056,"scale_popu_ku":0.67959087070491031,"scale_popu_TRPN50":0.95269847928732032,"scale_popu_rw":1.1003875637211236,"scale_popu_rs":1.2522475334500056}