{"scale_popu_GNa":0.9801058801471616,"scale_popu_GCaL":0.97718423114146713,"scale_popu_Gto":1.1149509935531634,"scale_popu_GNaL":1.064126121146399,"scale_popu_GKr":1.0720158143269864,"scale_popu_GKs":1.1939361221050586,"scale_popu_GK1":1.1648539315204471,"scale_popu_GbK":1.0892446732063805,"scale_popu_KNCX":0.92684727232911812,"scale_popu_KNaK":1.3115247229588267,"scale_popu_GbNa":0.961164394737077,"scale_popu_GbCa":0.93391555291175865,"scale_popu_KpCa":1.1492999386324119,"scale_popu_KRyR":0.99602064839658355,"scale_popu_KSERCA":0.99752330331551053,"scale_popu_Kleak":0.76437376922283184,"scale_popu_nTm":1.191789994007157,"scale_popu_CaT50ref":1.0998198409182383,"scale_popu_Tref":0.69694998175170852,"scale_popu_kuw":0.99558555761818068,"scale_popu_kws":1.1298248901850516,"scale_popu_kTRPN":0.86453958731997993,"scale_popu_nTRPN":0.9177204398485842,"scale_popu_ku":0.93080623468362944,"scale_popu_TRPN50":0.68118393024197554,"scale_popu_rw":0.88298577513141341,"scale_popu_rs":1.2053029282719681}