{"scale_popu_GNa":0.80161845222987027,"scale_popu_GCaL":1.2371862394237447,"scale_popu_Gto":0.99328703326681222,"scale_popu_GNaL":1.0518948724093411,"scale_popu_GKr":0.912912291612515,"scale_popu_GKs":1.0246705231341326,"scale_popu_GK1":1.0022355000353245,"scale_popu_GbK":1.2544528481346284,"scale_popu_KNCX":0.96413692707051724,"scale_popu_KNaK":0.997989312207195,"scale_popu_GbNa":0.88360853687536989,"scale_popu_GbCa":0.75680557522399716,"scale_popu_KpCa":0.96662884908687685,"scale_popu_KRyR":1.066223549379413,"scale_popu_KSERCA":0.97530676275212769,"scale_popu_Kleak":1.0697741869319759,"scale_popu_nTm":1.1549732832265154,"scale_popu_CaT50ref":1.1438043032155072,"scale_popu_Tref":0.95979992379965251,"scale_popu_kuw":0.98168287236519569,"scale_popu_kws":0.959030191981695,"scale_popu_kTRPN":1.3981694475352038,"scale_popu_nTRPN":1.1821202769288477,"scale_popu_ku":0.97355271309239089,"scale_popu_TRPN50":0.81025756711121311,"scale_popu_rw":0.92003529111706672,"scale_popu_rs":0.9605496489767904}