{"scale_popu_GNa":0.92982130473305069,"scale_popu_GCaL":1.1065520687994548,"scale_popu_Gto":0.83828334817175409,"scale_popu_GNaL":1.1458566511712345,"scale_popu_GKr":0.92594416087487241,"scale_popu_GKs":0.9246621159670021,"scale_popu_GK1":1.1725847079009024,"scale_popu_GbK":1.0721779316796214,"scale_popu_KNCX":0.773257655533313,"scale_popu_KNaK":1.3316284800963172,"scale_popu_GbNa":1.1217975158041973,"scale_popu_GbCa":0.95333855544472168,"scale_popu_KpCa":0.99226412901305883,"scale_popu_KRyR":1.2853510852136016,"scale_popu_KSERCA":1.05169701042679,"scale_popu_Kleak":1.3443196261893984,"scale_popu_nTm":1.1423339758206998,"scale_popu_CaT50ref":1.0820937199293823,"scale_popu_Tref":0.95120509353171923,"scale_popu_kuw":0.83987525528793339,"scale_popu_kws":1.243322893949059,"scale_popu_kTRPN":1.0203135078184167,"scale_popu_nTRPN":1.1148423778111949,"scale_popu_ku":0.72373140465134955,"scale_popu_TRPN50":0.88819783390447626,"scale_popu_rw":1.1647899262086288,"scale_popu_rs":0.72807575291890059}