{"scale_popu_GNa":1.092115153908874,"scale_popu_GCaL":0.730825679477004,"scale_popu_Gto":0.73423791653328085,"scale_popu_GNaL":0.80803847331118583,"scale_popu_GKr":0.855400813379327,"scale_popu_GKs":0.92881508124242429,"scale_popu_GK1":1.0082877179656302,"scale_popu_GbK":1.1487773783441868,"scale_popu_KNCX":0.63979432495610955,"scale_popu_KNaK":0.97997308745434664,"scale_popu_GbNa":0.88666936991329248,"scale_popu_GbCa":0.94282595502366817,"scale_popu_KpCa":1.0061105715173662,"scale_popu_KRyR":1.140562272400877,"scale_popu_KSERCA":1.1301904146976689,"scale_popu_Kleak":1.140219109644286,"scale_popu_nTm":0.87916898008793209,"scale_popu_CaT50ref":0.98832513784994735,"scale_popu_Tref":1.0109395920138156,"scale_popu_kuw":0.78692115595412448,"scale_popu_kws":0.85588412619182086,"scale_popu_kTRPN":0.84067890032448322,"scale_popu_nTRPN":1.1756864355878509,"scale_popu_ku":0.87795349917886167,"scale_popu_TRPN50":0.85395214844316181,"scale_popu_rw":1.1508347058003765,"scale_popu_rs":0.87615456303142292}