{"scale_popu_GNa":1.1261812623433409,"scale_popu_GCaL":1.015162704546406,"scale_popu_Gto":1.4148062023026193,"scale_popu_GNaL":1.0102284162999222,"scale_popu_GKr":0.98401761600134652,"scale_popu_GKs":1.0439652518506901,"scale_popu_GK1":0.98080880259626646,"scale_popu_GbK":1.0291753611937249,"scale_popu_KNCX":0.82136756988858761,"scale_popu_KNaK":1.0667247016636607,"scale_popu_GbNa":0.92764963223425756,"scale_popu_GbCa":0.85439836710323491,"scale_popu_KpCa":1.0870838879304914,"scale_popu_KRyR":0.97840599450146859,"scale_popu_KSERCA":0.75423302696636241,"scale_popu_Kleak":1.0586333599564912,"scale_popu_nTm":1.0808745399095179,"scale_popu_CaT50ref":0.760703277106794,"scale_popu_Tref":1.0991429400100794,"scale_popu_kuw":1.2115299332088112,"scale_popu_kws":1.0271473415448404,"scale_popu_kTRPN":0.82615097700686524,"scale_popu_nTRPN":1.1966804188749061,"scale_popu_ku":1.1854995506627648,"scale_popu_TRPN50":1.0427575177181152,"scale_popu_rw":1.0878679930491284,"scale_popu_rs":1.0530440328713815}