{"scale_popu_GNa":0.83760174157563916,"scale_popu_GCaL":0.98621444215797693,"scale_popu_Gto":1.0699040784565492,"scale_popu_GNaL":1.1612070053059245,"scale_popu_GKr":0.97855189095312212,"scale_popu_GKs":0.84357349904847645,"scale_popu_GK1":0.92828998357825554,"scale_popu_GbK":0.91395055487432475,"scale_popu_KNCX":1.123755657031674,"scale_popu_KNaK":0.8312336557231419,"scale_popu_GbNa":1.1115451346195895,"scale_popu_GbCa":0.97059206518390784,"scale_popu_KpCa":0.74731859623414842,"scale_popu_KRyR":1.1654758659872959,"scale_popu_KSERCA":0.997903035333533,"scale_popu_Kleak":1.0087805783789632,"scale_popu_nTm":1.1607669568367127,"scale_popu_CaT50ref":1.3201503356318833,"scale_popu_Tref":1.1197764487153807,"scale_popu_kuw":1.1069378294619063,"scale_popu_kws":0.85341732721445551,"scale_popu_kTRPN":1.0323007834378657,"scale_popu_nTRPN":0.88359217512738619,"scale_popu_ku":0.90913170905483842,"scale_popu_TRPN50":0.96008410289867541,"scale_popu_rw":0.97736532401272036,"scale_popu_rs":1.0950930828178826}