{"scale_popu_GNa":0.884552510029277,"scale_popu_GCaL":0.95057916229433292,"scale_popu_Gto":0.90025125486491664,"scale_popu_GNaL":0.95049899315218644,"scale_popu_GKr":0.97110189737778652,"scale_popu_GKs":0.8971515294638045,"scale_popu_GK1":1.0018958686587149,"scale_popu_GbK":0.87612672853489859,"scale_popu_KNCX":1.1868295651465794,"scale_popu_KNaK":1.1854393289526726,"scale_popu_GbNa":0.86669192396513062,"scale_popu_GbCa":1.2042394701836756,"scale_popu_KpCa":1.0311206926166194,"scale_popu_KRyR":0.87831044641259393,"scale_popu_KSERCA":1.0320382699501263,"scale_popu_Kleak":0.8905928499303527,"scale_popu_nTm":0.94218747894405452,"scale_popu_CaT50ref":1.0869431317979297,"scale_popu_Tref":1.0465050022034952,"scale_popu_kuw":1.1143114279955539,"scale_popu_kws":0.72057143198600726,"scale_popu_kTRPN":0.69782688872969678,"scale_popu_nTRPN":1.119679338369201,"scale_popu_ku":1.0062415065657488,"scale_popu_TRPN50":0.92793166195847931,"scale_popu_rw":0.87667954514492674,"scale_popu_rs":1.1522829928782767}