{"scale_popu_GNa":0.89830427934166823,"scale_popu_GCaL":1.0135270753802255,"scale_popu_Gto":0.9945031707925267,"scale_popu_GNaL":1.07395726971289,"scale_popu_GKr":1.3053086028540604,"scale_popu_GKs":0.95746432280206228,"scale_popu_GK1":0.76154836106571677,"scale_popu_GbK":1.1328151216383198,"scale_popu_KNCX":1.0058958800187803,"scale_popu_KNaK":1.0137539256743098,"scale_popu_GbNa":1.2472274013507492,"scale_popu_GbCa":1.0560768549303889,"scale_popu_KpCa":0.85853777094714667,"scale_popu_KRyR":1.0442331107343847,"scale_popu_KSERCA":1.1299049419582134,"scale_popu_Kleak":1.0535578037455615,"scale_popu_nTm":1.1051847021870014,"scale_popu_CaT50ref":1.0695683479631197,"scale_popu_Tref":0.99772799611990726,"scale_popu_kuw":1.0844237826448262,"scale_popu_kws":1.1797337658029947,"scale_popu_kTRPN":0.88862734401189658,"scale_popu_nTRPN":0.90695493907670977,"scale_popu_ku":0.84787186689532135,"scale_popu_TRPN50":0.98305617207469109,"scale_popu_rw":1.0623550790739618,"scale_popu_rs":0.95886044656372293}