{"scale_popu_GNa":0.95117646514566068,"scale_popu_GCaL":1.0804963079013097,"scale_popu_Gto":0.91241473250511007,"scale_popu_GNaL":1.0333953558114128,"scale_popu_GKr":1.1474725904997509,"scale_popu_GKs":1.0763175903709896,"scale_popu_GK1":1.2420218044093945,"scale_popu_GbK":0.81081761419513265,"scale_popu_KNCX":0.85034195324036,"scale_popu_KNaK":0.91809043808022972,"scale_popu_GbNa":0.870413933045916,"scale_popu_GbCa":1.1291899309708739,"scale_popu_KpCa":0.71668683966896074,"scale_popu_KRyR":0.70783633783531164,"scale_popu_KSERCA":0.81555228704524907,"scale_popu_Kleak":0.93596298380696941,"scale_popu_nTm":0.87642708887131537,"scale_popu_CaT50ref":0.8095431079872617,"scale_popu_Tref":0.81508093577278229,"scale_popu_kuw":1.1432620892121752,"scale_popu_kws":0.90724758452411536,"scale_popu_kTRPN":0.95476422920670345,"scale_popu_nTRPN":1.1991107229516229,"scale_popu_ku":0.97485738378348974,"scale_popu_TRPN50":1.3724926682246146,"scale_popu_rw":0.917807495506505,"scale_popu_rs":0.87847661843828162}