{"scale_popu_GNa":1.0320998406815807,"scale_popu_GCaL":1.0898395473733149,"scale_popu_Gto":0.88051698691192859,"scale_popu_GNaL":0.88715272524889688,"scale_popu_GKr":1.2071890117442816,"scale_popu_GKs":1.0000894285747559,"scale_popu_GK1":0.94659959890216228,"scale_popu_GbK":1.0685591924683386,"scale_popu_KNCX":0.8811289419840227,"scale_popu_KNaK":0.76595598870829884,"scale_popu_GbNa":1.0516426327306529,"scale_popu_GbCa":0.88264322210950075,"scale_popu_KpCa":0.81167558459484324,"scale_popu_KRyR":1.2207708293811295,"scale_popu_KSERCA":1.0573283987293052,"scale_popu_Kleak":0.92981167080839566,"scale_popu_nTm":0.94731124138421885,"scale_popu_CaT50ref":1.0796166069771238,"scale_popu_Tref":0.88528858253845377,"scale_popu_kuw":1.1574399249034131,"scale_popu_kws":1.0319881332341367,"scale_popu_kTRPN":1.2013138353797022,"scale_popu_nTRPN":1.1383404834886952,"scale_popu_ku":0.83534383291562953,"scale_popu_TRPN50":1.2133619216296085,"scale_popu_rw":0.89403052340229017,"scale_popu_rs":1.5217006942426254}