{"scale_popu_GNa":1.0765110272868643,"scale_popu_GCaL":0.99006708580198943,"scale_popu_Gto":0.71122993588852479,"scale_popu_GNaL":1.0479194110795409,"scale_popu_GKr":0.66334507199923065,"scale_popu_GKs":0.76427475680360013,"scale_popu_GK1":0.86856290804215786,"scale_popu_GbK":1.070172763281563,"scale_popu_KNCX":0.85192803119544924,"scale_popu_KNaK":1.09962885859658,"scale_popu_GbNa":1.0407648301692074,"scale_popu_GbCa":1.0136166337291928,"scale_popu_KpCa":1.0223582987792814,"scale_popu_KRyR":0.99575758204209985,"scale_popu_KSERCA":1.2108708240630035,"scale_popu_Kleak":1.1031792574553587,"scale_popu_nTm":1.1000992744738651,"scale_popu_CaT50ref":0.811664850998146,"scale_popu_Tref":0.613958477673122,"scale_popu_kuw":1.0544657163066851,"scale_popu_kws":0.80448188784535124,"scale_popu_kTRPN":0.91650049774936837,"scale_popu_nTRPN":1.1524043872683529,"scale_popu_ku":0.70308141086173193,"scale_popu_TRPN50":1.0879699766369435,"scale_popu_rw":1.0757365481423586,"scale_popu_rs":1.1122986358062341}