{"scale_popu_GNa":1.1298616288963517,"scale_popu_GCaL":0.76902019665886923,"scale_popu_Gto":1.0925257344459165,"scale_popu_GNaL":0.82282349815491662,"scale_popu_GKr":0.96985122686142211,"scale_popu_GKs":1.1171707504973376,"scale_popu_GK1":0.9305916765243043,"scale_popu_GbK":0.718653847863912,"scale_popu_KNCX":1.0974721492396435,"scale_popu_KNaK":0.73843926135561766,"scale_popu_GbNa":1.1007645995229769,"scale_popu_GbCa":1.1978929248111758,"scale_popu_KpCa":0.93102047515666353,"scale_popu_KRyR":0.96324934465349688,"scale_popu_KSERCA":1.0947046586498805,"scale_popu_Kleak":0.99808234000788,"scale_popu_nTm":1.0327808055821428,"scale_popu_CaT50ref":0.98609280141803934,"scale_popu_Tref":0.8870427154591618,"scale_popu_kuw":0.86595986899624444,"scale_popu_kws":0.79989203835373834,"scale_popu_kTRPN":1.1224616021846838,"scale_popu_nTRPN":1.0096826212174106,"scale_popu_ku":0.97028961642762535,"scale_popu_TRPN50":0.89551495271038772,"scale_popu_rw":1.3478833770235279,"scale_popu_rs":0.9389595188458203}