{"scale_popu_GNa":0.89713392743082743,"scale_popu_GCaL":0.78608863073595792,"scale_popu_Gto":1.0262880039086735,"scale_popu_GNaL":1.0019842488910049,"scale_popu_GKr":1.1142503124221985,"scale_popu_GKs":0.91337578261978525,"scale_popu_GK1":0.9206327001029937,"scale_popu_GbK":1.0768613110947158,"scale_popu_KNCX":1.1528297637311238,"scale_popu_KNaK":1.2904538231645291,"scale_popu_GbNa":1.2389022052910876,"scale_popu_GbCa":1.0943329882602342,"scale_popu_KpCa":0.9645214819396879,"scale_popu_KRyR":0.86601546265880369,"scale_popu_KSERCA":1.0932843293082561,"scale_popu_Kleak":0.59809729026776548,"scale_popu_nTm":0.88448598508526444,"scale_popu_CaT50ref":0.99346284077233327,"scale_popu_Tref":1.1878634415668456,"scale_popu_kuw":1.0223634500998711,"scale_popu_kws":0.92985682076468246,"scale_popu_kTRPN":1.0496966681455766,"scale_popu_nTRPN":1.02303586303405,"scale_popu_ku":1.1721891608537047,"scale_popu_TRPN50":0.97345970128604264,"scale_popu_rw":0.93973000594376277,"scale_popu_rs":1.09591304245316}