{"scale_popu_GNa":0.72162567355104834,"scale_popu_GCaL":1.0752302179783395,"scale_popu_Gto":1.0610053784817211,"scale_popu_GNaL":1.0783829619127545,"scale_popu_GKr":0.70475197137378776,"scale_popu_GKs":0.96884019057813,"scale_popu_GK1":0.78460906539121744,"scale_popu_GbK":1.1856056941067437,"scale_popu_KNCX":0.94649168299550213,"scale_popu_KNaK":0.8988383694272335,"scale_popu_GbNa":0.816737991353889,"scale_popu_GbCa":0.79471112957834245,"scale_popu_KpCa":1.2460616749244735,"scale_popu_KRyR":0.52508709001930187,"scale_popu_KSERCA":0.98485467786347392,"scale_popu_Kleak":0.97738702079934,"scale_popu_nTm":1.1037425067135493,"scale_popu_CaT50ref":1.0573101149207316,"scale_popu_Tref":1.0525329837932151,"scale_popu_kuw":1.0203177060981463,"scale_popu_kws":0.903452119179277,"scale_popu_kTRPN":1.5736488954071741,"scale_popu_nTRPN":0.91262666127173164,"scale_popu_ku":0.95919834312792207,"scale_popu_TRPN50":1.1755979468372344,"scale_popu_rw":1.1966266113377413,"scale_popu_rs":1.1769638694633986}