{"scale_popu_GNa":0.71990376392992639,"scale_popu_GCaL":0.86908124141942178,"scale_popu_Gto":0.93869762586970551,"scale_popu_GNaL":1.2899229692205711,"scale_popu_GKr":1.0077176459911537,"scale_popu_GKs":1.0267694454697329,"scale_popu_GK1":0.97939865632953871,"scale_popu_GbK":1.0918166545111,"scale_popu_KNCX":1.2481717025878936,"scale_popu_KNaK":1.0988487369272819,"scale_popu_GbNa":0.84816691575232162,"scale_popu_GbCa":0.780405306817594,"scale_popu_KpCa":0.98477065612465464,"scale_popu_KRyR":1.0586207048395244,"scale_popu_KSERCA":1.0654439887521685,"scale_popu_Kleak":0.97378581740425851,"scale_popu_nTm":1.0072414462327342,"scale_popu_CaT50ref":1.120448240127468,"scale_popu_Tref":1.0954845589883042,"scale_popu_kuw":1.1206870464462697,"scale_popu_kws":0.96594616253808507,"scale_popu_kTRPN":0.84180450874700308,"scale_popu_nTRPN":0.85930333036401985,"scale_popu_ku":0.88500094791076456,"scale_popu_TRPN50":0.984213677058334,"scale_popu_rw":1.1071043647134406,"scale_popu_rs":0.65867423941668268}