{"scale_popu_GNa":1.037136442680108,"scale_popu_GCaL":1.21461906276843,"scale_popu_Gto":0.88257303959731881,"scale_popu_GNaL":1.1673374712588804,"scale_popu_GKr":0.83039291444853813,"scale_popu_GKs":1.0342631524704538,"scale_popu_GK1":0.867279362034481,"scale_popu_GbK":1.3443086950398724,"scale_popu_KNCX":1.089905063704981,"scale_popu_KNaK":1.0296945492435554,"scale_popu_GbNa":0.84018877742204978,"scale_popu_GbCa":1.1514871577486423,"scale_popu_KpCa":1.0416697163137512,"scale_popu_KRyR":1.0748009298551424,"scale_popu_KSERCA":1.0254995141655041,"scale_popu_Kleak":1.1344658689522706,"scale_popu_nTm":1.2291431595387527,"scale_popu_CaT50ref":0.78770449137034682,"scale_popu_Tref":1.0391843134359693,"scale_popu_kuw":0.85697570855033556,"scale_popu_kws":0.97685488415575206,"scale_popu_kTRPN":1.007623108774085,"scale_popu_nTRPN":1.1138641622132623,"scale_popu_ku":0.82362336344126108,"scale_popu_TRPN50":1.1001240108537407,"scale_popu_rw":0.88382169634456909,"scale_popu_rs":0.9014816716303079}