{"scale_popu_GNa":0.86503491575789448,"scale_popu_GCaL":0.95132834488163209,"scale_popu_Gto":0.75440167656702906,"scale_popu_GNaL":0.999211111067215,"scale_popu_GKr":0.98417517381583342,"scale_popu_GKs":1.1586530547763019,"scale_popu_GK1":0.87588058105561828,"scale_popu_GbK":1.1511177426237031,"scale_popu_KNCX":0.82065970574891833,"scale_popu_KNaK":0.87758032342624737,"scale_popu_GbNa":0.987769927731388,"scale_popu_GbCa":0.8841600818095815,"scale_popu_KpCa":1.0126959052418074,"scale_popu_KRyR":0.79063769653840665,"scale_popu_KSERCA":1.0237855330748584,"scale_popu_Kleak":1.0575170808764238,"scale_popu_nTm":1.1205132549160255,"scale_popu_CaT50ref":0.9372916495963397,"scale_popu_Tref":0.989436083809039,"scale_popu_kuw":1.3846106140424017,"scale_popu_kws":1.0078766869701241,"scale_popu_kTRPN":1.2732929940086595,"scale_popu_nTRPN":0.93275187162939033,"scale_popu_ku":0.79796917730026751,"scale_popu_TRPN50":0.91333302855224441,"scale_popu_rw":0.9571653653733766,"scale_popu_rs":1.1144188295061632}