{"scale_popu_GNa":0.95827190201029444,"scale_popu_GCaL":0.81925989111579445,"scale_popu_Gto":1.0262914688114748,"scale_popu_GNaL":1.0792665165920636,"scale_popu_GKr":1.0019907462669675,"scale_popu_GKs":0.72078484941792076,"scale_popu_GK1":0.79119838111366,"scale_popu_GbK":0.89553976542487357,"scale_popu_KNCX":1.1933847718292332,"scale_popu_KNaK":1.3735917275688165,"scale_popu_GbNa":0.81159300228675169,"scale_popu_GbCa":0.878776614042948,"scale_popu_KpCa":1.1282876634110279,"scale_popu_KRyR":1.0602114333061636,"scale_popu_KSERCA":1.1863261768706272,"scale_popu_Kleak":0.7900073548770834,"scale_popu_nTm":1.06670552019926,"scale_popu_CaT50ref":0.77827881993632686,"scale_popu_Tref":1.019440759424195,"scale_popu_kuw":0.92963020874312419,"scale_popu_kws":1.0268404391699164,"scale_popu_kTRPN":0.90730250502729681,"scale_popu_nTRPN":0.966937331247286,"scale_popu_ku":0.91624483633381359,"scale_popu_TRPN50":1.2137463915552866,"scale_popu_rw":0.9817542985018084,"scale_popu_rs":1.0500330329482921}