{"scale_popu_GNa":0.98761660238548343,"scale_popu_GCaL":0.91975701948767352,"scale_popu_Gto":0.63420159333016013,"scale_popu_GNaL":1.0622840238277436,"scale_popu_GKr":0.98081849576177449,"scale_popu_GKs":0.9102593260388846,"scale_popu_GK1":0.870554223087821,"scale_popu_GbK":1.051607886139666,"scale_popu_KNCX":1.0534698998612091,"scale_popu_KNaK":0.93999630734486406,"scale_popu_GbNa":1.2626648926301058,"scale_popu_GbCa":0.88200001104643866,"scale_popu_KpCa":1.015585990500006,"scale_popu_KRyR":1.0581323786144072,"scale_popu_KSERCA":0.88269733043297172,"scale_popu_Kleak":0.88538213054252057,"scale_popu_nTm":1.0978516913854646,"scale_popu_CaT50ref":1.0585405493869733,"scale_popu_Tref":0.86679413205692979,"scale_popu_kuw":1.2860170712391741,"scale_popu_kws":1.0533490134285748,"scale_popu_kTRPN":1.1151519603058935,"scale_popu_nTRPN":0.90683347232086942,"scale_popu_ku":1.0785089300361672,"scale_popu_TRPN50":0.770836086571791,"scale_popu_rw":1.0688258114484102,"scale_popu_rs":1.0357057633423339}