{"scale_popu_GNa":1.0848935141786515,"scale_popu_GCaL":0.89109769976390674,"scale_popu_Gto":0.86942516287292682,"scale_popu_GNaL":0.99304061417928147,"scale_popu_GKr":1.2622092355629781,"scale_popu_GKs":0.86209088131493106,"scale_popu_GK1":1.1717668115543411,"scale_popu_GbK":0.91928433240348317,"scale_popu_KNCX":1.0920440649584906,"scale_popu_KNaK":1.0476782230468373,"scale_popu_GbNa":0.98474356596745938,"scale_popu_GbCa":1.0609968356376809,"scale_popu_KpCa":0.890889801866966,"scale_popu_KRyR":1.1097300597094655,"scale_popu_KSERCA":1.0349462760928778,"scale_popu_Kleak":0.85855637451661782,"scale_popu_nTm":1.1349634594563887,"scale_popu_CaT50ref":0.83079528933661762,"scale_popu_Tref":1.2606410337136369,"scale_popu_kuw":0.80233421189963461,"scale_popu_kws":0.90762414989150453,"scale_popu_kTRPN":1.2201194546126823,"scale_popu_nTRPN":0.96259117925593052,"scale_popu_ku":0.94733985252207942,"scale_popu_TRPN50":1.1891060564352893,"scale_popu_rw":0.90870296463926881,"scale_popu_rs":0.966542861740764}