{"scale_popu_GNa":0.85427017099326741,"scale_popu_GCaL":0.83240297998998924,"scale_popu_Gto":1.4415960371704011,"scale_popu_GNaL":1.0877463025500926,"scale_popu_GKr":0.83851602764723354,"scale_popu_GKs":1.2051919123985577,"scale_popu_GK1":1.1857828804700545,"scale_popu_GbK":0.90647355867319279,"scale_popu_KNCX":0.88505313989452172,"scale_popu_KNaK":1.0118086715535977,"scale_popu_GbNa":1.0412245039341013,"scale_popu_GbCa":0.89046285757261556,"scale_popu_KpCa":1.1168283967468269,"scale_popu_KRyR":1.0693165611720039,"scale_popu_KSERCA":1.2176299772051489,"scale_popu_Kleak":1.1468593719969431,"scale_popu_nTm":1.0853006207838711,"scale_popu_CaT50ref":1.1027271209913359,"scale_popu_Tref":0.81699435640192775,"scale_popu_kuw":0.987690433315948,"scale_popu_kws":0.86705757574566811,"scale_popu_kTRPN":1.1421593013216427,"scale_popu_nTRPN":1.0409263848865711,"scale_popu_ku":1.08040184136142,"scale_popu_TRPN50":0.95237300784529721,"scale_popu_rw":1.0254060200778043,"scale_popu_rs":1.140732802839284}