{"scale_popu_GNa":0.89675422330923538,"scale_popu_GCaL":0.91030008912465532,"scale_popu_Gto":0.62989038478741821,"scale_popu_GNaL":0.59865895976561689,"scale_popu_GKr":1.1677433910326449,"scale_popu_GKs":1.2838368823611375,"scale_popu_GK1":1.1647047321644211,"scale_popu_GbK":0.88809947203997208,"scale_popu_KNCX":1.0608171417978904,"scale_popu_KNaK":0.91068229289853009,"scale_popu_GbNa":1.1364577841840684,"scale_popu_GbCa":0.67955652927875954,"scale_popu_KpCa":0.9210932417965928,"scale_popu_KRyR":0.94276315116949794,"scale_popu_KSERCA":1.1085028388571465,"scale_popu_Kleak":1.004332590169408,"scale_popu_nTm":0.90492061318011963,"scale_popu_CaT50ref":0.70477824460372929,"scale_popu_Tref":1.0549235190636614,"scale_popu_kuw":0.81741124474513815,"scale_popu_kws":0.92248278021483876,"scale_popu_kTRPN":0.92138546215993555,"scale_popu_nTRPN":1.1364064726052459,"scale_popu_ku":1.2363704956529418,"scale_popu_TRPN50":0.9781827212768579,"scale_popu_rw":0.8820062537404274,"scale_popu_rs":1.0494358947955384}