{"scale_popu_GNa":0.82507769862095115,"scale_popu_GCaL":0.88278079832721679,"scale_popu_Gto":0.75672572571012919,"scale_popu_GNaL":1.1055770106183598,"scale_popu_GKr":0.82293087059872749,"scale_popu_GKs":0.90035524299249448,"scale_popu_GK1":0.99895586941909442,"scale_popu_GbK":0.98691753105224955,"scale_popu_KNCX":1.1792655944148993,"scale_popu_KNaK":1.0804845908183895,"scale_popu_GbNa":0.66332991769546579,"scale_popu_GbCa":0.92003122545877469,"scale_popu_KpCa":1.1209987527013625,"scale_popu_KRyR":0.88975445789622676,"scale_popu_KSERCA":1.1430353698171132,"scale_popu_Kleak":1.0961458254701966,"scale_popu_nTm":0.9385975831216,"scale_popu_CaT50ref":0.99197905339655867,"scale_popu_Tref":1.0659808355520737,"scale_popu_kuw":1.3750676791456604,"scale_popu_kws":0.86572940143017907,"scale_popu_kTRPN":0.99478281644800237,"scale_popu_nTRPN":0.96653640390239715,"scale_popu_ku":1.0435544554055003,"scale_popu_TRPN50":0.99356131784377255,"scale_popu_rw":1.3412237250184422,"scale_popu_rs":0.784524463714906}