{"scale_popu_GNa":1.0532592708772361,"scale_popu_GCaL":0.97432333599324428,"scale_popu_Gto":0.92156403955864,"scale_popu_GNaL":0.91103924643183121,"scale_popu_GKr":0.99412188286728354,"scale_popu_GKs":1.0330939916540856,"scale_popu_GK1":0.9694122443455081,"scale_popu_GbK":1.0573946456857295,"scale_popu_KNCX":0.92974563168483126,"scale_popu_KNaK":0.91071134154945077,"scale_popu_GbNa":1.0916649972590913,"scale_popu_GbCa":1.0973562111140032,"scale_popu_KpCa":1.1395683428905716,"scale_popu_KRyR":1.2500493564333837,"scale_popu_KSERCA":0.88439667464378191,"scale_popu_Kleak":1.1211453811210401,"scale_popu_nTm":1.1646159982626303,"scale_popu_CaT50ref":0.84524734117607725,"scale_popu_Tref":1.0040337322813522,"scale_popu_kuw":1.0619882608408455,"scale_popu_kws":1.1093233030766214,"scale_popu_kTRPN":0.783763139045783,"scale_popu_nTRPN":1.3093306045408872,"scale_popu_ku":1.1602154625647312,"scale_popu_TRPN50":0.87901899304538555,"scale_popu_rw":0.94120786220892683,"scale_popu_rs":1.1784144266396404}