{"scale_popu_GNa":1.1517147179194955,"scale_popu_GCaL":1.0329368825182674,"scale_popu_Gto":1.2053461485274872,"scale_popu_GNaL":0.84941020421827118,"scale_popu_GKr":1.0017845891151722,"scale_popu_GKs":1.1867884264580131,"scale_popu_GK1":1.0410190235100822,"scale_popu_GbK":1.0562327489543484,"scale_popu_KNCX":0.95873270776987207,"scale_popu_KNaK":0.72404161979168213,"scale_popu_GbNa":0.91585779622422592,"scale_popu_GbCa":1.0270935346183312,"scale_popu_KpCa":0.70630480558433306,"scale_popu_KRyR":1.1150086978701452,"scale_popu_KSERCA":0.836538346789097,"scale_popu_Kleak":0.96524625177354517,"scale_popu_nTm":1.2652898150804548,"scale_popu_CaT50ref":1.112013332402819,"scale_popu_Tref":0.96016628300493778,"scale_popu_kuw":1.0655078188433242,"scale_popu_kws":0.86041330518751646,"scale_popu_kTRPN":0.78713749927406917,"scale_popu_nTRPN":1.0813435889355691,"scale_popu_ku":1.203484066891972,"scale_popu_TRPN50":0.88097977021810592,"scale_popu_rw":1.0939932759458588,"scale_popu_rs":1.1071886225059169}