{"scale_popu_GNa":1.1439535359020048,"scale_popu_GCaL":1.131605700509527,"scale_popu_Gto":0.91617129548453324,"scale_popu_GNaL":0.81228750912316861,"scale_popu_GKr":1.0851969900166534,"scale_popu_GKs":1.0468491430484528,"scale_popu_GK1":0.82758576517192028,"scale_popu_GbK":0.81128251012941466,"scale_popu_KNCX":1.2323994415349935,"scale_popu_KNaK":0.92015910699819514,"scale_popu_GbNa":1.0068153437652558,"scale_popu_GbCa":0.86230239600723613,"scale_popu_KpCa":0.93062909601633181,"scale_popu_KRyR":1.1002334829585614,"scale_popu_KSERCA":0.91306782297528311,"scale_popu_Kleak":1.0928239445383165,"scale_popu_nTm":1.0865675917081334,"scale_popu_CaT50ref":1.1706008658707563,"scale_popu_Tref":0.948139259341676,"scale_popu_kuw":1.0285428355644028,"scale_popu_kws":1.3005799575270767,"scale_popu_kTRPN":1.1366280163683009,"scale_popu_nTRPN":0.82765506745591377,"scale_popu_ku":1.0632223873012545,"scale_popu_TRPN50":1.1265220037836883,"scale_popu_rw":1.0491680847739282,"scale_popu_rs":1.1596547547248772}