{"scale_popu_GNa":1.2007404856313595,"scale_popu_GCaL":1.0928800574114392,"scale_popu_Gto":0.853543583549308,"scale_popu_GNaL":1.0582764038483923,"scale_popu_GKr":1.1041033229701374,"scale_popu_GKs":1.0096473286982421,"scale_popu_GK1":0.88056275188526612,"scale_popu_GbK":1.3142759473720949,"scale_popu_KNCX":1.2111932397132175,"scale_popu_KNaK":1.0265750412959198,"scale_popu_GbNa":1.2580474131829207,"scale_popu_GbCa":1.1792384800938551,"scale_popu_KpCa":0.95130594328145524,"scale_popu_KRyR":0.93657826992469639,"scale_popu_KSERCA":0.8804320604185738,"scale_popu_Kleak":0.90309945400079472,"scale_popu_nTm":1.0043704039428478,"scale_popu_CaT50ref":0.92223820139850154,"scale_popu_Tref":1.0815181435931462,"scale_popu_kuw":1.0136447530870998,"scale_popu_kws":0.967651010963441,"scale_popu_kTRPN":0.93467855890764351,"scale_popu_nTRPN":1.1790100515921598,"scale_popu_ku":0.84167209249069475,"scale_popu_TRPN50":0.96653802807492062,"scale_popu_rw":1.0568896077814265,"scale_popu_rs":0.943416013795577}