{"scale_popu_GNa":1.3004343007680945,"scale_popu_GCaL":0.894915380924948,"scale_popu_Gto":0.89332414406871385,"scale_popu_GNaL":1.0225662980743582,"scale_popu_GKr":0.95626180603801991,"scale_popu_GKs":0.76919943260152412,"scale_popu_GK1":0.73838695473785754,"scale_popu_GbK":0.92452339652187976,"scale_popu_KNCX":0.9403395652183526,"scale_popu_KNaK":1.1284077693065075,"scale_popu_GbNa":1.0195593720789331,"scale_popu_GbCa":1.1239684914575532,"scale_popu_KpCa":1.1293982417481521,"scale_popu_KRyR":1.01673130305349,"scale_popu_KSERCA":1.1534568072825002,"scale_popu_Kleak":1.1944029034427532,"scale_popu_nTm":0.93909432089495914,"scale_popu_CaT50ref":1.2193765834316923,"scale_popu_Tref":1.3184795735373038,"scale_popu_kuw":0.83050656689108648,"scale_popu_kws":1.1239397918429481,"scale_popu_kTRPN":0.99105440132658351,"scale_popu_nTRPN":1.0558807030603024,"scale_popu_ku":0.82499435594000747,"scale_popu_TRPN50":0.80771944316575062,"scale_popu_rw":0.84900385871688056,"scale_popu_rs":1.089474050397685}