{"scale_popu_GNa":1.0123771957845875,"scale_popu_GCaL":1.1915716001778744,"scale_popu_Gto":1.1189339527840276,"scale_popu_GNaL":1.2321432004058617,"scale_popu_GKr":0.882337564833436,"scale_popu_GKs":1.0317975631865337,"scale_popu_GK1":0.8739264139422499,"scale_popu_GbK":1.1622426879235519,"scale_popu_KNCX":1.0714766995886702,"scale_popu_KNaK":1.0371947724435067,"scale_popu_GbNa":0.98629411878382978,"scale_popu_GbCa":0.84367073551114447,"scale_popu_KpCa":1.0200062613703906,"scale_popu_KRyR":1.2067789858842146,"scale_popu_KSERCA":1.036028051530888,"scale_popu_Kleak":0.79028269859475553,"scale_popu_nTm":1.3505113215465436,"scale_popu_CaT50ref":1.3012987103063127,"scale_popu_Tref":0.84218359515933294,"scale_popu_kuw":0.80891957487178878,"scale_popu_kws":1.1253173989197738,"scale_popu_kTRPN":1.1276423132743092,"scale_popu_nTRPN":0.9594456031495695,"scale_popu_ku":0.83814866019596868,"scale_popu_TRPN50":1.1052855095255303,"scale_popu_rw":1.175235510428307,"scale_popu_rs":1.2182919220903672}