{"scale_popu_GNa":1.1267588648469848,"scale_popu_GCaL":1.053910145416836,"scale_popu_Gto":0.99714828388313526,"scale_popu_GNaL":1.0782277769069371,"scale_popu_GKr":1.0821126324241948,"scale_popu_GKs":1.0341063208385719,"scale_popu_GK1":1.0117237489176287,"scale_popu_GbK":1.0306218742246807,"scale_popu_KNCX":0.918338993548861,"scale_popu_KNaK":1.2167226790953791,"scale_popu_GbNa":0.8262595905979977,"scale_popu_GbCa":1.0636708168423725,"scale_popu_KpCa":0.801028194883468,"scale_popu_KRyR":0.89270508935258042,"scale_popu_KSERCA":0.96287504613771169,"scale_popu_Kleak":0.96006666658438744,"scale_popu_nTm":0.91940372897633449,"scale_popu_CaT50ref":0.950803030720428,"scale_popu_Tref":0.98982546077056477,"scale_popu_kuw":0.820144704903973,"scale_popu_kws":1.1088796286786682,"scale_popu_kTRPN":1.1532088962406593,"scale_popu_nTRPN":1.0773693542929803,"scale_popu_ku":1.0776323238012335,"scale_popu_TRPN50":1.2052236259782589,"scale_popu_rw":1.1573071895414335,"scale_popu_rs":0.7166502439187421}