{"scale_popu_GNa":0.666121711708592,"scale_popu_GCaL":1.019228888135737,"scale_popu_Gto":0.81483950629460689,"scale_popu_GNaL":1.236923147123856,"scale_popu_GKr":1.0310782346575469,"scale_popu_GKs":1.0148330260591218,"scale_popu_GK1":0.8423644612616753,"scale_popu_GbK":1.1264163196915333,"scale_popu_KNCX":1.1095811145273635,"scale_popu_KNaK":0.89493184587791419,"scale_popu_GbNa":1.1079482473278213,"scale_popu_GbCa":1.1041725409969882,"scale_popu_KpCa":1.0609026741963292,"scale_popu_KRyR":0.86232948291927614,"scale_popu_KSERCA":0.90081159150700263,"scale_popu_Kleak":0.95074547686551547,"scale_popu_nTm":1.0032345031918464,"scale_popu_CaT50ref":1.152647537219371,"scale_popu_Tref":1.1462716458321929,"scale_popu_kuw":0.83383679092359486,"scale_popu_kws":1.1351949634625371,"scale_popu_kTRPN":1.0186754654188643,"scale_popu_nTRPN":1.1607507375192299,"scale_popu_ku":1.1099036789740568,"scale_popu_TRPN50":0.91114705527945272,"scale_popu_rw":0.87576471923315236,"scale_popu_rs":0.922012440722603}