{"scale_popu_GNa":1.1471234273187503,"scale_popu_GCaL":0.95498288033264467,"scale_popu_Gto":1.0217269926003822,"scale_popu_GNaL":1.236259226940507,"scale_popu_GKr":1.0860722792736786,"scale_popu_GKs":0.7024850483886248,"scale_popu_GK1":1.1119506869188849,"scale_popu_GbK":1.138761250352015,"scale_popu_KNCX":0.93709287410421094,"scale_popu_KNaK":1.0464562493656047,"scale_popu_GbNa":1.1091924788386562,"scale_popu_GbCa":0.94393463209941186,"scale_popu_KpCa":0.87882976592179385,"scale_popu_KRyR":0.82433311200743131,"scale_popu_KSERCA":0.92777904185038018,"scale_popu_Kleak":1.1420701654213092,"scale_popu_nTm":0.85704893474866306,"scale_popu_CaT50ref":0.99794088634826106,"scale_popu_Tref":1.227992608443095,"scale_popu_kuw":1.0568503110765768,"scale_popu_kws":0.77007124016907236,"scale_popu_kTRPN":0.99312468384728725,"scale_popu_nTRPN":1.1533614034162056,"scale_popu_ku":0.83073779995448538,"scale_popu_TRPN50":0.82353266962628746,"scale_popu_rw":0.88516205089777089,"scale_popu_rs":0.74931382019337756}