{"scale_popu_GNa":0.873560759445875,"scale_popu_GCaL":0.89929559076006915,"scale_popu_Gto":0.92849513004021478,"scale_popu_GNaL":1.0257967787529434,"scale_popu_GKr":0.85666887157776361,"scale_popu_GKs":1.1717646172613048,"scale_popu_GK1":0.91399513067764881,"scale_popu_GbK":1.1631455175876377,"scale_popu_KNCX":1.0963760552730488,"scale_popu_KNaK":1.0406629934165821,"scale_popu_GbNa":0.93753450660645055,"scale_popu_GbCa":1.1936652134465668,"scale_popu_KpCa":1.0388624790328707,"scale_popu_KRyR":1.0184277164105771,"scale_popu_KSERCA":1.0589575918131038,"scale_popu_Kleak":1.0457496592120636,"scale_popu_nTm":0.97135544166863275,"scale_popu_CaT50ref":1.1612070028124066,"scale_popu_Tref":1.2121015477958297,"scale_popu_kuw":0.76731412963793011,"scale_popu_kws":0.99245658504302192,"scale_popu_kTRPN":0.95452853851186059,"scale_popu_nTRPN":1.111627213245924,"scale_popu_ku":0.73005893555637869,"scale_popu_TRPN50":0.97001162538906327,"scale_popu_rw":0.87447546391898356,"scale_popu_rs":1.0102560091902595}