{"scale_popu_GNa":1.1602422205673155,"scale_popu_GCaL":1.0993799796086543,"scale_popu_Gto":1.3086848832694113,"scale_popu_GNaL":0.76595805323370159,"scale_popu_GKr":1.0468453591274596,"scale_popu_GKs":1.097828822256973,"scale_popu_GK1":1.2630050432578879,"scale_popu_GbK":0.992471464422597,"scale_popu_KNCX":0.95039628997120151,"scale_popu_KNaK":0.7037593069374114,"scale_popu_GbNa":1.1527935910792155,"scale_popu_GbCa":1.1719500553346227,"scale_popu_KpCa":1.0403917473729025,"scale_popu_KRyR":0.90241010692527368,"scale_popu_KSERCA":0.92498271543246779,"scale_popu_Kleak":1.106406071355009,"scale_popu_nTm":1.0721564188955668,"scale_popu_CaT50ref":1.2046316098224077,"scale_popu_Tref":0.96298274118902927,"scale_popu_kuw":1.2487377715548502,"scale_popu_kws":0.98596996068132647,"scale_popu_kTRPN":0.94524530185622824,"scale_popu_nTRPN":1.0768444897954799,"scale_popu_ku":1.2257682354665291,"scale_popu_TRPN50":0.94802214778844818,"scale_popu_rw":0.83123131293012964,"scale_popu_rs":0.96440744217327423}