{"scale_popu_GNa":0.94139984609797356,"scale_popu_GCaL":1.0121069898783341,"scale_popu_Gto":1.1936834803578567,"scale_popu_GNaL":0.98149083186097674,"scale_popu_GKr":1.2276318332016833,"scale_popu_GKs":1.1924068415930258,"scale_popu_GK1":1.2977817632982824,"scale_popu_GbK":1.1684952592737352,"scale_popu_KNCX":1.2408461362718692,"scale_popu_KNaK":0.64933057136961159,"scale_popu_GbNa":0.97112802406908338,"scale_popu_GbCa":0.87773006726453051,"scale_popu_KpCa":1.0415857427014226,"scale_popu_KRyR":1.20181267240885,"scale_popu_KSERCA":1.3790308829108269,"scale_popu_Kleak":1.0668484584947278,"scale_popu_nTm":1.1048217764615627,"scale_popu_CaT50ref":1.0698486000379639,"scale_popu_Tref":0.9832402070873,"scale_popu_kuw":1.1847089240238919,"scale_popu_kws":0.92616528722539,"scale_popu_kTRPN":0.99575986452245757,"scale_popu_nTRPN":1.110009044185557,"scale_popu_ku":1.0541378552824605,"scale_popu_TRPN50":0.99815723587507743,"scale_popu_rw":1.0511194718506611,"scale_popu_rs":1.1544617425702621}