{"scale_popu_GNa":0.97719708112774328,"scale_popu_GCaL":1.1159049641688656,"scale_popu_Gto":0.9044019737374499,"scale_popu_GNaL":1.1943378747784643,"scale_popu_GKr":0.82763442007738774,"scale_popu_GKs":1.1074718592402542,"scale_popu_GK1":1.2067101211264268,"scale_popu_GbK":0.83734180344509668,"scale_popu_KNCX":0.71455679908640524,"scale_popu_KNaK":1.0081365011132861,"scale_popu_GbNa":0.79198818847316188,"scale_popu_GbCa":0.71408102623879188,"scale_popu_KpCa":0.8182073894625147,"scale_popu_KRyR":0.8556019060855925,"scale_popu_KSERCA":0.92699097512643225,"scale_popu_Kleak":1.3512777167297672,"scale_popu_nTm":1.0130090071978617,"scale_popu_CaT50ref":1.0543937651126243,"scale_popu_Tref":0.78705465992737911,"scale_popu_kuw":0.84732782212187374,"scale_popu_kws":1.2495747321138386,"scale_popu_kTRPN":1.0137937592691089,"scale_popu_nTRPN":1.1597535647121719,"scale_popu_ku":0.753539371654593,"scale_popu_TRPN50":1.0075972973374574,"scale_popu_rw":0.96905181001381258,"scale_popu_rs":1.1525963572528679}