{"scale_popu_GNa":0.929156663382124,"scale_popu_GCaL":1.1461467184253149,"scale_popu_Gto":1.170490074022285,"scale_popu_GNaL":1.1109476258183155,"scale_popu_GKr":1.0720408797038161,"scale_popu_GKs":0.88980241273594363,"scale_popu_GK1":0.89787408797985091,"scale_popu_GbK":1.1000333147337082,"scale_popu_KNCX":1.1166285026075273,"scale_popu_KNaK":0.95131586836793625,"scale_popu_GbNa":0.94682649603845093,"scale_popu_GbCa":1.0115784054823276,"scale_popu_KpCa":1.1352194223329144,"scale_popu_KRyR":0.87988607804204266,"scale_popu_KSERCA":1.0976107043250054,"scale_popu_Kleak":1.0695436468910546,"scale_popu_nTm":0.98608299970693081,"scale_popu_CaT50ref":1.0151580314677842,"scale_popu_Tref":1.0480675456316371,"scale_popu_kuw":1.1003733820571868,"scale_popu_kws":0.758764586653732,"scale_popu_kTRPN":0.98091614960817508,"scale_popu_nTRPN":1.1356786832701542,"scale_popu_ku":0.95450084887403819,"scale_popu_TRPN50":1.0075706230609576,"scale_popu_rw":0.96985925781741433,"scale_popu_rs":1.0131067197935291}