{"scale_popu_GNa":1.3352383753318104,"scale_popu_GCaL":1.0525626276964282,"scale_popu_Gto":0.901542453113715,"scale_popu_GNaL":1.1682760735386466,"scale_popu_GKr":0.91274654710894043,"scale_popu_GKs":1.2579438923109552,"scale_popu_GK1":0.95562067720708821,"scale_popu_GbK":0.9688464937831508,"scale_popu_KNCX":0.97365434065780332,"scale_popu_KNaK":1.0745940585922547,"scale_popu_GbNa":0.87568262279944009,"scale_popu_GbCa":0.84900341693221115,"scale_popu_KpCa":1.0230259600595393,"scale_popu_KRyR":0.979297618319051,"scale_popu_KSERCA":1.082117382723339,"scale_popu_Kleak":1.2515856669936238,"scale_popu_nTm":1.2756441454937595,"scale_popu_CaT50ref":0.91330485081113544,"scale_popu_Tref":1.0637289910743593,"scale_popu_kuw":0.92260460828994129,"scale_popu_kws":0.90650097821091791,"scale_popu_kTRPN":1.1658725837476787,"scale_popu_nTRPN":1.0812781829201132,"scale_popu_ku":0.907300406148875,"scale_popu_TRPN50":0.77587884764171178,"scale_popu_rw":1.0399647311151983,"scale_popu_rs":1.1337214921226002}