{"scale_popu_GNa":0.9061825130826604,"scale_popu_GCaL":1.3577744350405494,"scale_popu_Gto":0.91497554009350779,"scale_popu_GNaL":0.96743539636338327,"scale_popu_GKr":0.92675085409549451,"scale_popu_GKs":1.0446523039969162,"scale_popu_GK1":0.75476066548123766,"scale_popu_GbK":1.0192732574568084,"scale_popu_KNCX":1.3367882492652088,"scale_popu_KNaK":0.72986506548667074,"scale_popu_GbNa":0.78859497773073151,"scale_popu_GbCa":0.93146966583518731,"scale_popu_KpCa":1.0643388702161991,"scale_popu_KRyR":0.98091697675349587,"scale_popu_KSERCA":0.89042606312104888,"scale_popu_Kleak":0.95137811943319028,"scale_popu_nTm":1.0503935468417356,"scale_popu_CaT50ref":1.1345671790967553,"scale_popu_Tref":0.78795476993040792,"scale_popu_kuw":0.9259380881852628,"scale_popu_kws":0.92037061356584127,"scale_popu_kTRPN":0.946163983604144,"scale_popu_nTRPN":1.0002205445424142,"scale_popu_ku":1.3030662219440754,"scale_popu_TRPN50":1.3891835677273199,"scale_popu_rw":1.0539191641281578,"scale_popu_rs":1.1459223900402031}