{"scale_popu_GNa":0.95744445788343191,"scale_popu_GCaL":0.99673928054542094,"scale_popu_Gto":1.0217811800754923,"scale_popu_GNaL":1.0274427813288574,"scale_popu_GKr":0.715088990024161,"scale_popu_GKs":1.0835954739116267,"scale_popu_GK1":0.9893597612465439,"scale_popu_GbK":1.2643179686596324,"scale_popu_KNCX":1.1413704268666756,"scale_popu_KNaK":0.94205171217293826,"scale_popu_GbNa":1.0747254216293263,"scale_popu_GbCa":1.0602068892393928,"scale_popu_KpCa":0.81729057833660834,"scale_popu_KRyR":1.0314236356519266,"scale_popu_KSERCA":1.2580616343823248,"scale_popu_Kleak":0.95117798039807533,"scale_popu_nTm":1.2802966444709285,"scale_popu_CaT50ref":1.1208315626254075,"scale_popu_Tref":1.0825505592036841,"scale_popu_kuw":1.1200850974120713,"scale_popu_kws":0.99189776315646638,"scale_popu_kTRPN":1.1485995411544676,"scale_popu_nTRPN":1.0413661720059564,"scale_popu_ku":0.77991937149943757,"scale_popu_TRPN50":1.0023403272075864,"scale_popu_rw":0.76444602044911236,"scale_popu_rs":1.2212291807575635}