{"scale_popu_GNa":1.2000624438011915,"scale_popu_GCaL":0.97579752272968756,"scale_popu_Gto":0.677934149833745,"scale_popu_GNaL":1.0546016934387565,"scale_popu_GKr":0.85973718798355792,"scale_popu_GKs":1.13926243984751,"scale_popu_GK1":0.94335979447132923,"scale_popu_GbK":0.97762346148558044,"scale_popu_KNCX":1.0703777493790141,"scale_popu_KNaK":0.85508584731443482,"scale_popu_GbNa":0.98683697582194185,"scale_popu_GbCa":0.9487357076893046,"scale_popu_KpCa":0.99246022181588256,"scale_popu_KRyR":1.113477094374181,"scale_popu_KSERCA":0.96374453189997022,"scale_popu_Kleak":0.969829097384389,"scale_popu_nTm":0.93376348562215439,"scale_popu_CaT50ref":1.1649754456017423,"scale_popu_Tref":0.74141178244167683,"scale_popu_kuw":1.0529509644085204,"scale_popu_kws":1.2439173965848145,"scale_popu_kTRPN":0.90981359469570977,"scale_popu_nTRPN":1.1370080890365253,"scale_popu_ku":0.951086421409515,"scale_popu_TRPN50":0.61317416750142761,"scale_popu_rw":0.90232681353544131,"scale_popu_rs":1.0090898377698667}