{"scale_popu_GNa":1.0199495080596235,"scale_popu_GCaL":0.94717829976716306,"scale_popu_Gto":0.77256083557825006,"scale_popu_GNaL":0.93552048772207941,"scale_popu_GKr":0.69430000375917589,"scale_popu_GKs":1.2480626615160444,"scale_popu_GK1":1.0233615000394995,"scale_popu_GbK":1.228095949469584,"scale_popu_KNCX":0.73867015437910677,"scale_popu_KNaK":1.1927380071304143,"scale_popu_GbNa":0.74075589271776643,"scale_popu_GbCa":0.79090008287793134,"scale_popu_KpCa":0.912570833198076,"scale_popu_KRyR":0.922848545044945,"scale_popu_KSERCA":1.1308515942440871,"scale_popu_Kleak":1.0835878586671874,"scale_popu_nTm":1.1597925269487408,"scale_popu_CaT50ref":0.937504374888228,"scale_popu_Tref":0.76083673947719244,"scale_popu_kuw":0.9133518232166391,"scale_popu_kws":1.08013008404873,"scale_popu_kTRPN":1.1318106628065692,"scale_popu_nTRPN":0.93977550084680284,"scale_popu_ku":1.1632734908672746,"scale_popu_TRPN50":0.97472825315009493,"scale_popu_rw":0.89745232327985369,"scale_popu_rs":1.0596176879259465}