{"scale_popu_GNa":0.76135542547979163,"scale_popu_GCaL":0.88923007346690164,"scale_popu_Gto":0.8655886630572408,"scale_popu_GNaL":0.92023819667081275,"scale_popu_GKr":0.54485298205888066,"scale_popu_GKs":0.8524576723015278,"scale_popu_GK1":0.943916472566277,"scale_popu_GbK":1.0368937876397917,"scale_popu_KNCX":1.1617658544561453,"scale_popu_KNaK":1.1019975646361149,"scale_popu_GbNa":0.90248434173503,"scale_popu_GbCa":1.2583064673094839,"scale_popu_KpCa":0.89008333911949566,"scale_popu_KRyR":1.1143853017481578,"scale_popu_KSERCA":1.0870103844579118,"scale_popu_Kleak":1.2167582817293405,"scale_popu_nTm":0.96439513542452182,"scale_popu_CaT50ref":1.1082737713955209,"scale_popu_Tref":1.17729249084727,"scale_popu_kuw":1.3253770556416082,"scale_popu_kws":0.90829244151420063,"scale_popu_kTRPN":0.81659529282239229,"scale_popu_nTRPN":1.004125539050897,"scale_popu_ku":0.73999854862360315,"scale_popu_TRPN50":1.0774524259077407,"scale_popu_rw":0.98950354576453259,"scale_popu_rs":0.93302210051779944}