{"scale_popu_GNa":1.2860616319325204,"scale_popu_GCaL":1.0699494066934467,"scale_popu_Gto":1.0257417378245055,"scale_popu_GNaL":1.212383906725369,"scale_popu_GKr":0.87251684342614766,"scale_popu_GKs":1.1284783024947989,"scale_popu_GK1":1.0513853496940764,"scale_popu_GbK":1.0945939977445873,"scale_popu_KNCX":0.98821746388887832,"scale_popu_KNaK":1.1411490762984464,"scale_popu_GbNa":0.83826331037451707,"scale_popu_GbCa":0.9739229477753778,"scale_popu_KpCa":0.99558277342094714,"scale_popu_KRyR":1.2520897934634458,"scale_popu_KSERCA":1.013572174762752,"scale_popu_Kleak":1.1748054487473292,"scale_popu_nTm":1.0040408270787071,"scale_popu_CaT50ref":1.044285427345788,"scale_popu_Tref":0.9020752000149681,"scale_popu_kuw":0.99523599662582152,"scale_popu_kws":1.093292212642111,"scale_popu_kTRPN":0.94346661107214624,"scale_popu_nTRPN":1.0537843941409171,"scale_popu_ku":0.927833960707724,"scale_popu_TRPN50":0.80120042834020677,"scale_popu_rw":0.83977858879399436,"scale_popu_rs":1.0807114112002285}