{"scale_popu_GNa":1.0557405414663323,"scale_popu_GCaL":0.925208727545588,"scale_popu_Gto":1.2844079387048593,"scale_popu_GNaL":0.53181682079388537,"scale_popu_GKr":0.84851876629608036,"scale_popu_GKs":1.0031970040331346,"scale_popu_GK1":1.1246106565774205,"scale_popu_GbK":1.1195238140696926,"scale_popu_KNCX":0.83755823019471554,"scale_popu_KNaK":0.94604445247113778,"scale_popu_GbNa":1.0269955871753411,"scale_popu_GbCa":1.1519482176971705,"scale_popu_KpCa":1.032575093839349,"scale_popu_KRyR":0.96854352636928864,"scale_popu_KSERCA":0.963168230279831,"scale_popu_Kleak":0.92718830025605015,"scale_popu_nTm":0.8569926490305072,"scale_popu_CaT50ref":1.1331739763412474,"scale_popu_Tref":0.963576515146392,"scale_popu_kuw":0.78215781376169047,"scale_popu_kws":0.87636657121179917,"scale_popu_kTRPN":1.223530955283336,"scale_popu_nTRPN":1.0672525912225579,"scale_popu_ku":1.0756244325763615,"scale_popu_TRPN50":0.91696626860737407,"scale_popu_rw":0.889792734424958,"scale_popu_rs":0.96809260600596991}