{"scale_popu_GNa":1.0470740649664063,"scale_popu_GCaL":1.1609868953278031,"scale_popu_Gto":1.0215971726698947,"scale_popu_GNaL":0.965010362495315,"scale_popu_GKr":1.1412202882012226,"scale_popu_GKs":1.0992217995244113,"scale_popu_GK1":0.9226355372782,"scale_popu_GbK":1.2511754789907295,"scale_popu_KNCX":0.97896990554897056,"scale_popu_KNaK":0.880026612169482,"scale_popu_GbNa":0.93479746408462483,"scale_popu_GbCa":1.0846353490388934,"scale_popu_KpCa":0.71436847593524622,"scale_popu_KRyR":1.0717673540114394,"scale_popu_KSERCA":1.2459847743859085,"scale_popu_Kleak":1.1231287698026078,"scale_popu_nTm":1.225022732139569,"scale_popu_CaT50ref":1.1607430011916591,"scale_popu_Tref":0.93440109632105939,"scale_popu_kuw":1.3999818537072126,"scale_popu_kws":0.90535364455352207,"scale_popu_kTRPN":0.93148152773629911,"scale_popu_nTRPN":1.1722174077211753,"scale_popu_ku":0.94993080557227882,"scale_popu_TRPN50":0.86932798042161641,"scale_popu_rw":1.1319910459590963,"scale_popu_rs":1.0922920358492996}