{"scale_popu_GNa":1.1035973065312394,"scale_popu_GCaL":1.0082796021719878,"scale_popu_Gto":1.138394640697125,"scale_popu_GNaL":0.8851639601117024,"scale_popu_GKr":1.1519057485406825,"scale_popu_GKs":1.017652766170231,"scale_popu_GK1":1.0349517604392136,"scale_popu_GbK":0.91710073891438093,"scale_popu_KNCX":0.92738687682952758,"scale_popu_KNaK":1.0705936238993581,"scale_popu_GbNa":0.96305123864460462,"scale_popu_GbCa":0.97469002195361121,"scale_popu_KpCa":0.93978881658143787,"scale_popu_KRyR":1.0569409990150693,"scale_popu_KSERCA":1.1710129203002315,"scale_popu_Kleak":1.0722768759731092,"scale_popu_nTm":1.072831350108165,"scale_popu_CaT50ref":1.3170293690300352,"scale_popu_Tref":0.92074928872180917,"scale_popu_kuw":1.1508622170480003,"scale_popu_kws":0.89627197921529544,"scale_popu_kTRPN":1.0428354126544357,"scale_popu_nTRPN":0.85477746891217465,"scale_popu_ku":1.0132069340961576,"scale_popu_TRPN50":0.93259788128081167,"scale_popu_rw":0.87650558620937546,"scale_popu_rs":0.89890465606290715}