{"scale_popu_GNa":0.89635027231332742,"scale_popu_GCaL":0.83740942789828743,"scale_popu_Gto":0.93554946592879751,"scale_popu_GNaL":0.885252144237773,"scale_popu_GKr":0.90224219181456167,"scale_popu_GKs":0.69107730892708807,"scale_popu_GK1":1.1183104234450609,"scale_popu_GbK":1.0765724282759559,"scale_popu_KNCX":0.82514415987132572,"scale_popu_KNaK":1.065485582718368,"scale_popu_GbNa":1.1336098577196942,"scale_popu_GbCa":0.8879897800426606,"scale_popu_KpCa":1.0430493833753995,"scale_popu_KRyR":0.94015235094773031,"scale_popu_KSERCA":1.1254872456504732,"scale_popu_Kleak":0.8341186309359867,"scale_popu_nTm":1.0664960070845089,"scale_popu_CaT50ref":1.1806879143898799,"scale_popu_Tref":1.0300296036840717,"scale_popu_kuw":0.95391102114110127,"scale_popu_kws":1.0242894799412434,"scale_popu_kTRPN":0.9355681726192222,"scale_popu_nTRPN":0.8738331488421871,"scale_popu_ku":1.0509769489985774,"scale_popu_TRPN50":1.131562623866387,"scale_popu_rw":0.70270253364728363,"scale_popu_rs":0.89816334431780065}