{"scale_popu_GNa":0.96209936190598389,"scale_popu_GCaL":0.88625660652477645,"scale_popu_Gto":1.0245690410239305,"scale_popu_GNaL":1.1092378211262233,"scale_popu_GKr":1.2060412533163185,"scale_popu_GKs":0.95471217014201148,"scale_popu_GK1":1.2157767082010447,"scale_popu_GbK":1.3188591274734098,"scale_popu_KNCX":0.85427496267236158,"scale_popu_KNaK":0.93438622423433693,"scale_popu_GbNa":0.86242798803246357,"scale_popu_GbCa":0.93877703332022111,"scale_popu_KpCa":0.89831819706537375,"scale_popu_KRyR":1.1412820080139605,"scale_popu_KSERCA":1.1681786145821806,"scale_popu_Kleak":1.099828634061389,"scale_popu_nTm":1.0172168108602857,"scale_popu_CaT50ref":1.1482767292944245,"scale_popu_Tref":0.68892771818461152,"scale_popu_kuw":1.0623631614317808,"scale_popu_kws":1.0228627889596138,"scale_popu_kTRPN":0.57586421947346234,"scale_popu_nTRPN":0.88039244426101382,"scale_popu_ku":0.85900715263521188,"scale_popu_TRPN50":0.8903802548404709,"scale_popu_rw":0.94994276849912707,"scale_popu_rs":0.91065176908071355}