{"scale_popu_GNa":0.91510486346013364,"scale_popu_GCaL":1.0364783447936872,"scale_popu_Gto":1.0573459234267166,"scale_popu_GNaL":1.189453595055197,"scale_popu_GKr":1.1650549721117835,"scale_popu_GKs":0.60513380618946422,"scale_popu_GK1":1.0454708890689899,"scale_popu_GbK":1.0771435981853879,"scale_popu_KNCX":1.1824254082955798,"scale_popu_KNaK":1.0661241234202272,"scale_popu_GbNa":0.97209168395788759,"scale_popu_GbCa":1.0613089170860788,"scale_popu_KpCa":0.9434792028636011,"scale_popu_KRyR":0.86216282463996707,"scale_popu_KSERCA":0.9786444972303493,"scale_popu_Kleak":0.90629279947255892,"scale_popu_nTm":0.84899540793264361,"scale_popu_CaT50ref":1.2856912394305571,"scale_popu_Tref":1.3072508652959032,"scale_popu_kuw":1.0549119389734991,"scale_popu_kws":0.98315259323621462,"scale_popu_kTRPN":1.0479048039916572,"scale_popu_nTRPN":1.0904569766758387,"scale_popu_ku":0.98938523417047719,"scale_popu_TRPN50":1.0013705225686671,"scale_popu_rw":1.0124795567122271,"scale_popu_rs":1.239294699742175}