{"scale_popu_GNa":1.168400294064871,"scale_popu_GCaL":0.91979595637127409,"scale_popu_Gto":0.98467553656422124,"scale_popu_GNaL":0.98852887965498215,"scale_popu_GKr":1.1454667140106833,"scale_popu_GKs":0.84830372266307108,"scale_popu_GK1":1.064064440625315,"scale_popu_GbK":1.3495322632089155,"scale_popu_KNCX":1.0352406673358985,"scale_popu_KNaK":1.1625588539019396,"scale_popu_GbNa":1.19905791468991,"scale_popu_GbCa":0.99964333472211342,"scale_popu_KpCa":1.214953643030479,"scale_popu_KRyR":1.0433182763747517,"scale_popu_KSERCA":1.2051632037343805,"scale_popu_Kleak":0.75212678674613942,"scale_popu_nTm":0.90338699618994178,"scale_popu_CaT50ref":1.0871602887635781,"scale_popu_Tref":1.0665511536534977,"scale_popu_kuw":1.2457918007910314,"scale_popu_kws":0.92155982607104481,"scale_popu_kTRPN":1.074041840967592,"scale_popu_nTRPN":1.0952803216034155,"scale_popu_ku":1.0414185370866338,"scale_popu_TRPN50":1.2556321563608179,"scale_popu_rw":0.96922504223437667,"scale_popu_rs":1.1615497751213764}