{"scale_popu_GNa":0.96451242838108331,"scale_popu_GCaL":1.0462993458256162,"scale_popu_Gto":0.74938480322820844,"scale_popu_GNaL":0.96668167281136963,"scale_popu_GKr":1.2736401220357871,"scale_popu_GKs":0.95166281026491251,"scale_popu_GK1":0.83000143099965029,"scale_popu_GbK":0.71010834589075511,"scale_popu_KNCX":1.1255480199221957,"scale_popu_KNaK":1.3177344529053616,"scale_popu_GbNa":0.99710618138748708,"scale_popu_GbCa":1.0606624777565112,"scale_popu_KpCa":0.92310732031025122,"scale_popu_KRyR":0.96251061277534644,"scale_popu_KSERCA":1.0066248910750057,"scale_popu_Kleak":1.1802969761054221,"scale_popu_nTm":0.92798701470409584,"scale_popu_CaT50ref":1.0456980018005317,"scale_popu_Tref":0.99377706210959726,"scale_popu_kuw":0.90193734281447346,"scale_popu_kws":1.304247037601207,"scale_popu_kTRPN":0.95743098801082926,"scale_popu_nTRPN":1.1786617885227393,"scale_popu_ku":1.1154738593657783,"scale_popu_TRPN50":1.0358717797700292,"scale_popu_rw":1.0833112837517378,"scale_popu_rs":1.0067337480607284}