{"scale_popu_GNa":1.0180417557837678,"scale_popu_GCaL":0.9876942800355023,"scale_popu_Gto":0.79053302201168207,"scale_popu_GNaL":0.69776981864771059,"scale_popu_GKr":1.0205030885900999,"scale_popu_GKs":1.0171804744774855,"scale_popu_GK1":0.81909759797832737,"scale_popu_GbK":0.71415556321439577,"scale_popu_KNCX":1.0736051798624893,"scale_popu_KNaK":0.97501204443687461,"scale_popu_GbNa":1.1136530803259193,"scale_popu_GbCa":1.0562239455230642,"scale_popu_KpCa":0.84097263873398909,"scale_popu_KRyR":0.96007670111492671,"scale_popu_KSERCA":1.0137653232681041,"scale_popu_Kleak":1.1342347111512996,"scale_popu_nTm":1.0476314259343158,"scale_popu_CaT50ref":0.99799924594027756,"scale_popu_Tref":1.1129420818685416,"scale_popu_kuw":0.93237213843819444,"scale_popu_kws":1.0759435430866864,"scale_popu_kTRPN":1.1270464614572817,"scale_popu_nTRPN":1.1411467848221046,"scale_popu_ku":1.0979465246050264,"scale_popu_TRPN50":0.8397133756811157,"scale_popu_rw":1.1463757369434842,"scale_popu_rs":0.8320649326826145}