{"scale_popu_GNa":0.95304334927453016,"scale_popu_GCaL":1.1411061728317879,"scale_popu_Gto":0.73408774095100737,"scale_popu_GNaL":0.65653757210537944,"scale_popu_GKr":1.1387113135964129,"scale_popu_GKs":0.94648772168789741,"scale_popu_GK1":0.78535424657374464,"scale_popu_GbK":1.1066893396923427,"scale_popu_KNCX":0.93209075204426084,"scale_popu_KNaK":1.0728710017393635,"scale_popu_GbNa":1.1487514019823708,"scale_popu_GbCa":0.91915457663304234,"scale_popu_KpCa":0.74663211859904277,"scale_popu_KRyR":1.1785055968170808,"scale_popu_KSERCA":1.080936314518959,"scale_popu_Kleak":0.9230765744647732,"scale_popu_nTm":1.0434697226168881,"scale_popu_CaT50ref":1.0146457753525981,"scale_popu_Tref":0.82742840912099158,"scale_popu_kuw":1.0100294161813965,"scale_popu_kws":0.91997598316213025,"scale_popu_kTRPN":1.1589550032583786,"scale_popu_nTRPN":1.1425720232912859,"scale_popu_ku":0.89630448412180752,"scale_popu_TRPN50":1.0137614350183157,"scale_popu_rw":1.0743706044073722,"scale_popu_rs":1.0139422510035792}