{"scale_popu_GNa":1.1409546427406219,"scale_popu_GCaL":1.0200971938713694,"scale_popu_Gto":1.0603431573590312,"scale_popu_GNaL":1.1142539580476956,"scale_popu_GKr":0.9817795050389978,"scale_popu_GKs":1.1470556985696079,"scale_popu_GK1":1.0928068352588216,"scale_popu_GbK":1.1683305128315773,"scale_popu_KNCX":0.85642612011805763,"scale_popu_KNaK":1.1669514255706674,"scale_popu_GbNa":1.138830286800899,"scale_popu_GbCa":1.2683107617954212,"scale_popu_KpCa":1.2267872320167252,"scale_popu_KRyR":1.0559506534759702,"scale_popu_KSERCA":0.95586569178712433,"scale_popu_Kleak":1.1868556411101958,"scale_popu_nTm":1.1265129393731457,"scale_popu_CaT50ref":0.88052775899817726,"scale_popu_Tref":0.679163114784487,"scale_popu_kuw":0.8227868612818976,"scale_popu_kws":1.1595924328562808,"scale_popu_kTRPN":0.941528599863586,"scale_popu_nTRPN":1.1002393448148726,"scale_popu_ku":0.81579648948010153,"scale_popu_TRPN50":0.99524617279715888,"scale_popu_rw":0.92427910777794919,"scale_popu_rs":0.85525442901573956}