{"scale_popu_GNa":0.92138207764404467,"scale_popu_GCaL":0.848751495584197,"scale_popu_Gto":1.1417840270020421,"scale_popu_GNaL":1.017081726073243,"scale_popu_GKr":0.93647663500710043,"scale_popu_GKs":0.95858907151498851,"scale_popu_GK1":0.866565197344823,"scale_popu_GbK":1.1194159540424549,"scale_popu_KNCX":0.84090176550064266,"scale_popu_KNaK":0.9272842099192049,"scale_popu_GbNa":0.87165835037678585,"scale_popu_GbCa":0.82302403033513427,"scale_popu_KpCa":1.1492474799462222,"scale_popu_KRyR":0.88853630684147089,"scale_popu_KSERCA":1.0813589404763455,"scale_popu_Kleak":0.97976470305042263,"scale_popu_nTm":1.1474420259498064,"scale_popu_CaT50ref":0.84640204818037967,"scale_popu_Tref":0.81285604266331224,"scale_popu_kuw":1.0024993752575477,"scale_popu_kws":1.2453425483402234,"scale_popu_kTRPN":1.0107232530264754,"scale_popu_nTRPN":0.985415058993933,"scale_popu_ku":0.9109418215500783,"scale_popu_TRPN50":0.95911859545105993,"scale_popu_rw":1.1307156186128751,"scale_popu_rs":1.2273255206501674}