{"scale_popu_GNa":0.751321222576794,"scale_popu_GCaL":0.9278191452559289,"scale_popu_Gto":1.2731281237946082,"scale_popu_GNaL":0.94174670908199454,"scale_popu_GKr":0.89046700807065426,"scale_popu_GKs":1.0930099357102465,"scale_popu_GK1":1.1478080854838864,"scale_popu_GbK":1.3920391792903701,"scale_popu_KNCX":1.0380384962757605,"scale_popu_KNaK":0.8483532107785563,"scale_popu_GbNa":0.94492014211614683,"scale_popu_GbCa":1.1254293850205179,"scale_popu_KpCa":0.72329813655208475,"scale_popu_KRyR":0.73015542766390928,"scale_popu_KSERCA":1.0273708121248037,"scale_popu_Kleak":0.96005830276890269,"scale_popu_nTm":0.84725544803383168,"scale_popu_CaT50ref":0.86140635606094529,"scale_popu_Tref":0.904807562334662,"scale_popu_kuw":1.2455676302988374,"scale_popu_kws":0.93511927823870622,"scale_popu_kTRPN":1.0611683654715958,"scale_popu_nTRPN":1.1361328437314482,"scale_popu_ku":0.89023724367157009,"scale_popu_TRPN50":0.94855422725565952,"scale_popu_rw":1.0938557583307198,"scale_popu_rs":1.0581087296181715}