{"scale_popu_GNa":0.86542113715652069,"scale_popu_GCaL":1.1095402128816905,"scale_popu_Gto":0.95242363971039334,"scale_popu_GNaL":1.0257745063161359,"scale_popu_GKr":0.99658498877769308,"scale_popu_GKs":0.903476742771968,"scale_popu_GK1":0.92635052999537815,"scale_popu_GbK":0.86579558761697428,"scale_popu_KNCX":1.1158301973771811,"scale_popu_KNaK":0.87999308096619855,"scale_popu_GbNa":1.0317685810421797,"scale_popu_GbCa":1.2200667756065831,"scale_popu_KpCa":0.7657246710396326,"scale_popu_KRyR":1.0613504965347798,"scale_popu_KSERCA":0.84232502678116483,"scale_popu_Kleak":1.1147103901499804,"scale_popu_nTm":1.0837799461991677,"scale_popu_CaT50ref":1.0769906228705637,"scale_popu_Tref":1.1512397403010417,"scale_popu_kuw":0.86944800847240333,"scale_popu_kws":1.0996903708986918,"scale_popu_kTRPN":0.7680076648061912,"scale_popu_nTRPN":1.0002093239336152,"scale_popu_ku":0.79856208110489213,"scale_popu_TRPN50":1.0720539380684349,"scale_popu_rw":0.71042068655321611,"scale_popu_rs":0.6711246817449088}