{"scale_popu_GNa":0.92015560156355347,"scale_popu_GCaL":0.86745014494792394,"scale_popu_Gto":0.98547025502066565,"scale_popu_GNaL":1.0035397951381468,"scale_popu_GKr":0.651250292101345,"scale_popu_GKs":1.0006823309774751,"scale_popu_GK1":1.1101961842786934,"scale_popu_GbK":0.99085191953249807,"scale_popu_KNCX":1.0190904717318334,"scale_popu_KNaK":1.1492857222147728,"scale_popu_GbNa":0.95874942181296041,"scale_popu_GbCa":0.97209059438032419,"scale_popu_KpCa":0.99125846623215608,"scale_popu_KRyR":1.1373131391395688,"scale_popu_KSERCA":1.1487799738300184,"scale_popu_Kleak":0.87087461640248132,"scale_popu_nTm":0.99774457112078518,"scale_popu_CaT50ref":0.88346953661466676,"scale_popu_Tref":0.96932016685595779,"scale_popu_kuw":1.1371021052207237,"scale_popu_kws":1.1796134129532243,"scale_popu_kTRPN":1.1415467680297613,"scale_popu_nTRPN":1.1078013961213953,"scale_popu_ku":0.63352267410896546,"scale_popu_TRPN50":1.1572853671364611,"scale_popu_rw":1.2849349028386476,"scale_popu_rs":0.93141940827403624}