{"scale_popu_GNa":0.85011194922523248,"scale_popu_GCaL":0.97941282735895008,"scale_popu_Gto":0.65497374857626389,"scale_popu_GNaL":0.94080870986178367,"scale_popu_GKr":0.76431548571060948,"scale_popu_GKs":1.1111166427378838,"scale_popu_GK1":0.87744818208913866,"scale_popu_GbK":1.0158805174188035,"scale_popu_KNCX":1.031739499619565,"scale_popu_KNaK":0.93293186331604139,"scale_popu_GbNa":0.934175234155303,"scale_popu_GbCa":1.0913699060255273,"scale_popu_KpCa":0.99067319512411456,"scale_popu_KRyR":1.111585814088105,"scale_popu_KSERCA":0.88291603097147009,"scale_popu_Kleak":1.0422118579666171,"scale_popu_nTm":1.0125936305760528,"scale_popu_CaT50ref":1.0137115339476124,"scale_popu_Tref":0.90163847613818227,"scale_popu_kuw":1.237638549918487,"scale_popu_kws":1.1769296498671538,"scale_popu_kTRPN":1.0165505260517842,"scale_popu_nTRPN":1.1117929817872509,"scale_popu_ku":0.72071001864295692,"scale_popu_TRPN50":0.94667519879051487,"scale_popu_rw":1.252678394538973,"scale_popu_rs":1.2085670759487865}