{"scale_popu_GNa":1.1377207843035813,"scale_popu_GCaL":1.336441821014172,"scale_popu_Gto":0.8610494013926977,"scale_popu_GNaL":1.1160874792398052,"scale_popu_GKr":1.1209518836791372,"scale_popu_GKs":0.80540837638959029,"scale_popu_GK1":0.97374601290618945,"scale_popu_GbK":0.9538914826600895,"scale_popu_KNCX":1.2201650463589919,"scale_popu_KNaK":0.8690502447155829,"scale_popu_GbNa":1.0150581274483432,"scale_popu_GbCa":0.96261230882281668,"scale_popu_KpCa":1.209261123038188,"scale_popu_KRyR":1.1253064665986623,"scale_popu_KSERCA":0.99315882957959611,"scale_popu_Kleak":1.1220324092199419,"scale_popu_nTm":1.1549656355758084,"scale_popu_CaT50ref":0.90211975448811632,"scale_popu_Tref":0.93789449394902336,"scale_popu_kuw":1.0494031793566549,"scale_popu_kws":0.69026620566457964,"scale_popu_kTRPN":0.65128627591547139,"scale_popu_nTRPN":1.2303429560071353,"scale_popu_ku":0.930010604073439,"scale_popu_TRPN50":1.1980119828079772,"scale_popu_rw":0.92993007538527217,"scale_popu_rs":0.94813543023934832}