{"scale_popu_GNa":1.0908616039783687,"scale_popu_GCaL":1.065644766954672,"scale_popu_Gto":1.0281441879664421,"scale_popu_GNaL":0.84423077330270946,"scale_popu_GKr":1.0059518498332662,"scale_popu_GKs":1.1139231652591466,"scale_popu_GK1":1.0052960184939033,"scale_popu_GbK":1.1777210443967132,"scale_popu_KNCX":1.0724582986898361,"scale_popu_KNaK":0.98345089779288042,"scale_popu_GbNa":1.1506015390079214,"scale_popu_GbCa":1.0673783499970511,"scale_popu_KpCa":0.89231603144065641,"scale_popu_KRyR":1.0365508107787309,"scale_popu_KSERCA":1.0387156888062894,"scale_popu_Kleak":0.96632134892993682,"scale_popu_nTm":1.0436274962467869,"scale_popu_CaT50ref":1.1133240394475068,"scale_popu_Tref":1.1142402344381677,"scale_popu_kuw":0.854633641645706,"scale_popu_kws":0.62670682110268316,"scale_popu_kTRPN":0.86670264093198146,"scale_popu_nTRPN":1.2996324456941026,"scale_popu_ku":1.1128779847694041,"scale_popu_TRPN50":0.78363305463970223,"scale_popu_rw":0.75224141915251586,"scale_popu_rs":0.75636754544562168}