{"scale_popu_GNa":1.1084694484352853,"scale_popu_GCaL":1.0725477779584938,"scale_popu_Gto":0.8441548807705096,"scale_popu_GNaL":1.1844333867472703,"scale_popu_GKr":1.1528341714852308,"scale_popu_GKs":0.61946864218514319,"scale_popu_GK1":1.1363505134862897,"scale_popu_GbK":1.1336809460042447,"scale_popu_KNCX":0.7552039806839016,"scale_popu_KNaK":1.2866991064243183,"scale_popu_GbNa":0.8842346760688734,"scale_popu_GbCa":0.98827160562006156,"scale_popu_KpCa":0.81864550124095448,"scale_popu_KRyR":1.0074480785719717,"scale_popu_KSERCA":1.0131269235158413,"scale_popu_Kleak":1.0390603816551862,"scale_popu_nTm":1.2150094897877977,"scale_popu_CaT50ref":1.0339010007462002,"scale_popu_Tref":0.91594686054242858,"scale_popu_kuw":1.0056804997101256,"scale_popu_kws":1.0205454379394363,"scale_popu_kTRPN":0.93390211381896537,"scale_popu_nTRPN":1.0228905895717186,"scale_popu_ku":0.80469124639722978,"scale_popu_TRPN50":1.0447896938616856,"scale_popu_rw":0.89870640336852292,"scale_popu_rs":1.1442141728901876}