{"scale_popu_GNa":0.97638358869193875,"scale_popu_GCaL":1.0943052846129249,"scale_popu_Gto":1.0995308979964,"scale_popu_GNaL":0.91496699052067521,"scale_popu_GKr":1.2008253666811051,"scale_popu_GKs":1.025463544145844,"scale_popu_GK1":0.83374390994354242,"scale_popu_GbK":1.0166568844676496,"scale_popu_KNCX":1.0827663360627127,"scale_popu_KNaK":1.1435362252252854,"scale_popu_GbNa":0.82477020453393712,"scale_popu_GbCa":1.0734651117416059,"scale_popu_KpCa":0.82977624907181791,"scale_popu_KRyR":1.0467123061232413,"scale_popu_KSERCA":0.9397475632606872,"scale_popu_Kleak":0.95053815255839691,"scale_popu_nTm":0.97975457271865862,"scale_popu_CaT50ref":1.0220205901401733,"scale_popu_Tref":0.89367849164396884,"scale_popu_kuw":0.92662558528734906,"scale_popu_kws":1.0025808274427259,"scale_popu_kTRPN":1.0215642572732646,"scale_popu_nTRPN":1.063927517954161,"scale_popu_ku":1.0253000212774277,"scale_popu_TRPN50":1.1663455267424239,"scale_popu_rw":1.1398976725922021,"scale_popu_rs":0.78420639003810133}