{"scale_popu_GNa":1.1514207812337365,"scale_popu_GCaL":1.071402566892883,"scale_popu_Gto":0.9334598097259037,"scale_popu_GNaL":0.83438962608497835,"scale_popu_GKr":1.1202176761872646,"scale_popu_GKs":0.839048388763294,"scale_popu_GK1":1.0464903420744698,"scale_popu_GbK":0.93228818260126811,"scale_popu_KNCX":0.9044184828771451,"scale_popu_KNaK":0.87046973436491637,"scale_popu_GbNa":0.89251056751685054,"scale_popu_GbCa":0.846598247479143,"scale_popu_KpCa":0.8099894021798616,"scale_popu_KRyR":1.0991552361204804,"scale_popu_KSERCA":0.98013236426656369,"scale_popu_Kleak":0.71151620682466477,"scale_popu_nTm":0.94410097202457788,"scale_popu_CaT50ref":1.0463900303943809,"scale_popu_Tref":0.75736612625997435,"scale_popu_kuw":0.85873763969092975,"scale_popu_kws":0.80253750334648954,"scale_popu_kTRPN":1.1294608937407316,"scale_popu_nTRPN":1.0418419628154445,"scale_popu_ku":1.2755731887661224,"scale_popu_TRPN50":1.2098664078898604,"scale_popu_rw":0.91623178102942215,"scale_popu_rs":1.0341731619690662}