{"scale_popu_GNa":0.99192430990378078,"scale_popu_GCaL":0.90393407313197371,"scale_popu_Gto":0.85621979437889206,"scale_popu_GNaL":1.2223549231923934,"scale_popu_GKr":1.1294991648463535,"scale_popu_GKs":1.0121424747481047,"scale_popu_GK1":1.1124349132373788,"scale_popu_GbK":1.2146119766512133,"scale_popu_KNCX":1.0292362767576362,"scale_popu_KNaK":0.99477150127816061,"scale_popu_GbNa":0.823946798812041,"scale_popu_GbCa":1.0872744209543705,"scale_popu_KpCa":1.1084026208968292,"scale_popu_KRyR":0.88018666371899834,"scale_popu_KSERCA":1.0972892920883817,"scale_popu_Kleak":0.93886753185036986,"scale_popu_nTm":1.0345595459108354,"scale_popu_CaT50ref":0.72074553532756336,"scale_popu_Tref":0.79758240811259928,"scale_popu_kuw":1.1542456223313073,"scale_popu_kws":0.901070450269046,"scale_popu_kTRPN":0.91828826031710786,"scale_popu_nTRPN":1.1005328838914634,"scale_popu_ku":0.91568408395431722,"scale_popu_TRPN50":1.2331889522801165,"scale_popu_rw":0.95433604196312971,"scale_popu_rs":0.97317656182087775}