{"scale_popu_GNa":1.3137960779176279,"scale_popu_GCaL":0.85990635481041,"scale_popu_Gto":0.87874093126358277,"scale_popu_GNaL":0.859108561211869,"scale_popu_GKr":0.93387726413042516,"scale_popu_GKs":0.86784024963012008,"scale_popu_GK1":1.0174577905249629,"scale_popu_GbK":1.2269789253934391,"scale_popu_KNCX":0.80797659972782043,"scale_popu_KNaK":1.0240270521126678,"scale_popu_GbNa":1.0223089198810644,"scale_popu_GbCa":0.8979101371274133,"scale_popu_KpCa":0.80856851953785547,"scale_popu_KRyR":0.90673023289468369,"scale_popu_KSERCA":1.1386100380695912,"scale_popu_Kleak":0.9378147067180066,"scale_popu_nTm":1.2129959328416384,"scale_popu_CaT50ref":0.80612261049452638,"scale_popu_Tref":0.83888970954388054,"scale_popu_kuw":1.186770449415008,"scale_popu_kws":1.033834984729826,"scale_popu_kTRPN":0.65865424264886419,"scale_popu_nTRPN":0.94121984808567816,"scale_popu_ku":0.92233558775026181,"scale_popu_TRPN50":0.93198204275333019,"scale_popu_rw":1.0158188317774395,"scale_popu_rs":1.0399306041703351}