{"scale_popu_GNa":1.2023785322117291,"scale_popu_GCaL":0.93441925009074722,"scale_popu_Gto":0.79699688154401871,"scale_popu_GNaL":1.1781275860210829,"scale_popu_GKr":1.0146550327094264,"scale_popu_GKs":1.1731793832564548,"scale_popu_GK1":0.92021712169581915,"scale_popu_GbK":0.72831879204594308,"scale_popu_KNCX":1.1215344031811809,"scale_popu_KNaK":1.1137464234357604,"scale_popu_GbNa":1.005378358739069,"scale_popu_GbCa":1.0244527534947039,"scale_popu_KpCa":1.1559764360746025,"scale_popu_KRyR":1.0766141777001943,"scale_popu_KSERCA":1.1449625692926062,"scale_popu_Kleak":1.1519631439988069,"scale_popu_nTm":0.96011422142503244,"scale_popu_CaT50ref":0.92555179591172188,"scale_popu_Tref":0.78134844215151145,"scale_popu_kuw":1.0165820373597616,"scale_popu_kws":1.0408319900166498,"scale_popu_kTRPN":1.165632230425466,"scale_popu_nTRPN":1.0932490736376888,"scale_popu_ku":0.93993594769364786,"scale_popu_TRPN50":0.98237966159857215,"scale_popu_rw":1.019580629291813,"scale_popu_rs":1.2548480817044658}