{"scale_popu_GNa":1.2105899287565094,"scale_popu_GCaL":1.0702543435566969,"scale_popu_Gto":0.76053201751225985,"scale_popu_GNaL":0.98808395046349207,"scale_popu_GKr":1.0727590067242578,"scale_popu_GKs":1.1516877667941079,"scale_popu_GK1":0.99144543587087774,"scale_popu_GbK":0.90596399907173319,"scale_popu_KNCX":1.058112801464548,"scale_popu_KNaK":0.75680518216637915,"scale_popu_GbNa":0.84679106510144075,"scale_popu_GbCa":1.092844433250159,"scale_popu_KpCa":1.0601864751854855,"scale_popu_KRyR":1.0522024969617503,"scale_popu_KSERCA":0.92588340319357665,"scale_popu_Kleak":1.1130277809191218,"scale_popu_nTm":0.93862772368304481,"scale_popu_CaT50ref":1.001113251752408,"scale_popu_Tref":1.0575376215338501,"scale_popu_kuw":0.92827878876032643,"scale_popu_kws":0.84408981373182423,"scale_popu_kTRPN":0.45291379079512517,"scale_popu_nTRPN":1.1330737751264142,"scale_popu_ku":1.1380128634080382,"scale_popu_TRPN50":0.97865988168863,"scale_popu_rw":0.84480036296242433,"scale_popu_rs":1.0395259796887684}