{"scale_popu_GNa":1.1979337946027728,"scale_popu_GCaL":1.1034707914504962,"scale_popu_Gto":1.3031987287388416,"scale_popu_GNaL":0.88486386169347708,"scale_popu_GKr":0.84694129287690267,"scale_popu_GKs":0.90883705996949,"scale_popu_GK1":0.8130476665432903,"scale_popu_GbK":1.0521880759309108,"scale_popu_KNCX":0.99220144884829753,"scale_popu_KNaK":1.1070563399148248,"scale_popu_GbNa":1.0391122180608552,"scale_popu_GbCa":0.918948390109347,"scale_popu_KpCa":0.88239908950458612,"scale_popu_KRyR":0.97191157881966672,"scale_popu_KSERCA":0.85879805212326588,"scale_popu_Kleak":0.95526949123938176,"scale_popu_nTm":1.2087135720788773,"scale_popu_CaT50ref":1.1613562659714625,"scale_popu_Tref":1.0426314098455145,"scale_popu_kuw":0.9560525772890458,"scale_popu_kws":1.1963262866176638,"scale_popu_kTRPN":0.86548819104081054,"scale_popu_nTRPN":0.73659035545524132,"scale_popu_ku":0.97888429689281675,"scale_popu_TRPN50":1.0866881128197852,"scale_popu_rw":0.99377234010108273,"scale_popu_rs":1.0771361528388894}