{"scale_popu_GNa":0.84234388198486565,"scale_popu_GCaL":1.0517752514635648,"scale_popu_Gto":1.1863279672916327,"scale_popu_GNaL":0.84558434542559424,"scale_popu_GKr":1.0331438363549592,"scale_popu_GKs":1.0131367860505311,"scale_popu_GK1":0.83642047294963329,"scale_popu_GbK":0.89134849224195478,"scale_popu_KNCX":1.122889346412675,"scale_popu_KNaK":0.94778698586412413,"scale_popu_GbNa":0.98667634868392962,"scale_popu_GbCa":1.0668876310712838,"scale_popu_KpCa":0.921076526904513,"scale_popu_KRyR":0.91564131763002665,"scale_popu_KSERCA":1.1961438858010947,"scale_popu_Kleak":1.0948417353661322,"scale_popu_nTm":1.1381326239297893,"scale_popu_CaT50ref":1.0042536219770757,"scale_popu_Tref":0.74518954922238212,"scale_popu_kuw":0.94471210110427628,"scale_popu_kws":1.0027433334489844,"scale_popu_kTRPN":1.0418664312917314,"scale_popu_nTRPN":0.8352300896293805,"scale_popu_ku":1.2787958959552128,"scale_popu_TRPN50":1.1111670881738738,"scale_popu_rw":0.97963735999292667,"scale_popu_rs":1.0775470814390904}