{"scale_popu_GNa":0.98625309885689372,"scale_popu_GCaL":0.870877177295447,"scale_popu_Gto":0.98271937953768285,"scale_popu_GNaL":0.90699417673202642,"scale_popu_GKr":0.90848363457367065,"scale_popu_GKs":0.95872943471800631,"scale_popu_GK1":0.770669557611454,"scale_popu_GbK":0.88859620054216493,"scale_popu_KNCX":0.73308846702488584,"scale_popu_KNaK":0.8761812950551654,"scale_popu_GbNa":1.0753302851786661,"scale_popu_GbCa":0.77886453297344149,"scale_popu_KpCa":0.99964220618099409,"scale_popu_KRyR":0.89782755257061431,"scale_popu_KSERCA":0.82208702943446488,"scale_popu_Kleak":1.0457585715822331,"scale_popu_nTm":1.1589062985934775,"scale_popu_CaT50ref":1.0040776584182791,"scale_popu_Tref":0.80674171842794984,"scale_popu_kuw":0.89751640163811242,"scale_popu_kws":1.0411187047383061,"scale_popu_kTRPN":1.0202435666531189,"scale_popu_nTRPN":0.96975531540712467,"scale_popu_ku":1.1834952152932341,"scale_popu_TRPN50":0.90892753635546908,"scale_popu_rw":1.048784790708549,"scale_popu_rs":0.7895222274325856}