{"scale_popu_GNa":0.8675897359607414,"scale_popu_GCaL":0.82248032784140124,"scale_popu_Gto":1.1084944295347854,"scale_popu_GNaL":0.83700255566215054,"scale_popu_GKr":1.0863208599209808,"scale_popu_GKs":0.98194649093797737,"scale_popu_GK1":0.79479994769624,"scale_popu_GbK":0.86432246129652712,"scale_popu_KNCX":0.8577175982925429,"scale_popu_KNaK":0.87607424254610455,"scale_popu_GbNa":1.0457587991023702,"scale_popu_GbCa":1.0248914522719854,"scale_popu_KpCa":1.1229225208031752,"scale_popu_KRyR":1.0645271539141088,"scale_popu_KSERCA":1.15010181943688,"scale_popu_Kleak":1.1247636151748543,"scale_popu_nTm":1.0523341869198557,"scale_popu_CaT50ref":0.91515032014116238,"scale_popu_Tref":0.91545678506654315,"scale_popu_kuw":1.2570015680293467,"scale_popu_kws":1.0432336279463545,"scale_popu_kTRPN":0.99424067863912813,"scale_popu_nTRPN":1.0268887239845625,"scale_popu_ku":1.3604336005589446,"scale_popu_TRPN50":0.90791756067159479,"scale_popu_rw":0.60408887495459451,"scale_popu_rs":0.93317745930055229}