{"scale_popu_GNa":0.91108135524615064,"scale_popu_GCaL":1.0009248728702045,"scale_popu_Gto":0.8740886301470614,"scale_popu_GNaL":0.90802495947378181,"scale_popu_GKr":1.1094685930643411,"scale_popu_GKs":0.67271891391812144,"scale_popu_GK1":1.0974431848532951,"scale_popu_GbK":0.99559765291381463,"scale_popu_KNCX":1.0196254867521612,"scale_popu_KNaK":0.90482404137558148,"scale_popu_GbNa":0.90492095793165872,"scale_popu_GbCa":1.2074931114216281,"scale_popu_KpCa":1.0152375090871426,"scale_popu_KRyR":0.87270781784502582,"scale_popu_KSERCA":1.0607617020979441,"scale_popu_Kleak":1.2392200915838707,"scale_popu_nTm":1.0389693535499458,"scale_popu_CaT50ref":0.869206961660742,"scale_popu_Tref":0.93784696288158409,"scale_popu_kuw":1.0838857738985774,"scale_popu_kws":1.0799710400780196,"scale_popu_kTRPN":0.90449612139078894,"scale_popu_nTRPN":1.1571910711418081,"scale_popu_ku":0.9321508822728003,"scale_popu_TRPN50":1.0584040257334348,"scale_popu_rw":1.1151587647323817,"scale_popu_rs":0.62642260506053626}