{"scale_popu_GNa":0.81905392453305625,"scale_popu_GCaL":0.88754485235467284,"scale_popu_Gto":1.0120445062414829,"scale_popu_GNaL":0.996307761095394,"scale_popu_GKr":0.98647744524655889,"scale_popu_GKs":1.13684720300978,"scale_popu_GK1":0.749979616004794,"scale_popu_GbK":1.0485227631012815,"scale_popu_KNCX":0.90877942628410624,"scale_popu_KNaK":1.2713814426725183,"scale_popu_GbNa":0.93668432056609241,"scale_popu_GbCa":1.2252587649705908,"scale_popu_KpCa":1.0104996321649995,"scale_popu_KRyR":1.1032945706675399,"scale_popu_KSERCA":0.9254930390828332,"scale_popu_Kleak":0.97478244988986085,"scale_popu_nTm":1.0696093236847672,"scale_popu_CaT50ref":1.0946479570092948,"scale_popu_Tref":1.0450870932533265,"scale_popu_kuw":0.8823525820486734,"scale_popu_kws":1.133440816295278,"scale_popu_kTRPN":1.4177334132699089,"scale_popu_nTRPN":0.84431147535104512,"scale_popu_ku":0.90194199806204012,"scale_popu_TRPN50":1.1926663731953726,"scale_popu_rw":0.91440601801259536,"scale_popu_rs":1.1026429621855218}