{"scale_popu_GNa":0.95183416835457535,"scale_popu_GCaL":1.0933706111001646,"scale_popu_Gto":1.0049269132792398,"scale_popu_GNaL":0.92236010248411127,"scale_popu_GKr":1.2847845895821595,"scale_popu_GKs":0.87166238951599506,"scale_popu_GK1":1.0775732616298006,"scale_popu_GbK":0.939615490714955,"scale_popu_KNCX":0.88078981354824082,"scale_popu_KNaK":0.84933239976421415,"scale_popu_GbNa":1.0981051488939191,"scale_popu_GbCa":0.7523487109897542,"scale_popu_KpCa":1.1642399589648427,"scale_popu_KRyR":0.715188243869277,"scale_popu_KSERCA":0.78542336460653517,"scale_popu_Kleak":0.93618196479407734,"scale_popu_nTm":1.0255386031069822,"scale_popu_CaT50ref":1.1057763089763464,"scale_popu_Tref":0.95002638917683768,"scale_popu_kuw":1.1764958327277604,"scale_popu_kws":1.0569133158098529,"scale_popu_kTRPN":0.95837625036045648,"scale_popu_nTRPN":0.99221196256739419,"scale_popu_ku":1.0088505409582766,"scale_popu_TRPN50":0.90978599212323963,"scale_popu_rw":0.78569511479303211,"scale_popu_rs":0.77342913851345763}