{"scale_popu_GNa":1.2276097911203596,"scale_popu_GCaL":1.1222214500677488,"scale_popu_Gto":1.0712706396421841,"scale_popu_GNaL":0.92361948264652294,"scale_popu_GKr":0.95397454348472865,"scale_popu_GKs":1.2176078856478463,"scale_popu_GK1":1.0975828620205117,"scale_popu_GbK":1.0669655730562109,"scale_popu_KNCX":0.880318944007524,"scale_popu_KNaK":0.97451221062841342,"scale_popu_GbNa":1.2103686660970627,"scale_popu_GbCa":0.83923972275254477,"scale_popu_KpCa":0.92457502925057022,"scale_popu_KRyR":1.0666165901451403,"scale_popu_KSERCA":0.8942846871821758,"scale_popu_Kleak":1.0782312278353257,"scale_popu_nTm":1.2494539737942687,"scale_popu_CaT50ref":1.2279665675415667,"scale_popu_Tref":0.97219157468648454,"scale_popu_kuw":0.78461664422665212,"scale_popu_kws":1.0872264037987061,"scale_popu_kTRPN":0.99004999672974736,"scale_popu_nTRPN":0.93743025777290168,"scale_popu_ku":1.0653307197028481,"scale_popu_TRPN50":0.73491792385877752,"scale_popu_rw":0.82870399825628493,"scale_popu_rs":0.925251466608103}