{"scale_popu_GNa":0.97276016361598761,"scale_popu_GCaL":1.0797464331140767,"scale_popu_Gto":1.2902158420577012,"scale_popu_GNaL":1.13074605561674,"scale_popu_GKr":1.2145194438613889,"scale_popu_GKs":0.98657264953782065,"scale_popu_GK1":0.990556058698269,"scale_popu_GbK":0.87952030626886457,"scale_popu_KNCX":0.96141540282776206,"scale_popu_KNaK":0.98151219477445784,"scale_popu_GbNa":1.0054808335134271,"scale_popu_GbCa":1.0638708361572105,"scale_popu_KpCa":1.0340402995374429,"scale_popu_KRyR":0.95713300810808233,"scale_popu_KSERCA":0.94945705200331165,"scale_popu_Kleak":0.93080787126287268,"scale_popu_nTm":0.76283130591074788,"scale_popu_CaT50ref":0.9996381733620926,"scale_popu_Tref":0.74360599805959016,"scale_popu_kuw":1.3331167902248613,"scale_popu_kws":0.98821847524207873,"scale_popu_kTRPN":1.0400205993705267,"scale_popu_nTRPN":1.1486251078309855,"scale_popu_ku":0.70924279530369727,"scale_popu_TRPN50":1.1428202882836644,"scale_popu_rw":1.0025572274797565,"scale_popu_rs":0.95760563884029115}