{"scale_popu_GNa":0.93981568256674908,"scale_popu_GCaL":1.0139186985280739,"scale_popu_Gto":0.98063537766499886,"scale_popu_GNaL":0.85038907775977246,"scale_popu_GKr":1.1618314585364948,"scale_popu_GKs":0.95892682941603413,"scale_popu_GK1":1.2749869695849587,"scale_popu_GbK":0.99934969136438589,"scale_popu_KNCX":0.86455883971253278,"scale_popu_KNaK":0.86611026365550992,"scale_popu_GbNa":1.1144632338187723,"scale_popu_GbCa":1.2877931475260098,"scale_popu_KpCa":1.0887142094628821,"scale_popu_KRyR":1.0556613804295398,"scale_popu_KSERCA":0.79169469941376192,"scale_popu_Kleak":0.73715683278359689,"scale_popu_nTm":0.95369116397481157,"scale_popu_CaT50ref":1.1812431335841438,"scale_popu_Tref":0.9461803781710828,"scale_popu_kuw":0.86540516484589025,"scale_popu_kws":0.89534194924677535,"scale_popu_kTRPN":0.92031043795262057,"scale_popu_nTRPN":0.93391133281106831,"scale_popu_ku":1.1234418757419289,"scale_popu_TRPN50":0.99878466571680757,"scale_popu_rw":1.0517536781155721,"scale_popu_rs":0.98756467061640818}