{"scale_popu_GNa":1.0303990888808834,"scale_popu_GCaL":0.84455989795698061,"scale_popu_Gto":0.96830966681523611,"scale_popu_GNaL":1.3940954065674758,"scale_popu_GKr":0.74863083783086637,"scale_popu_GKs":0.977343137825044,"scale_popu_GK1":1.0866630557187937,"scale_popu_GbK":1.1682952736862204,"scale_popu_KNCX":1.0330124504035019,"scale_popu_KNaK":1.1093669985386887,"scale_popu_GbNa":0.89589447206328243,"scale_popu_GbCa":1.1330516471751824,"scale_popu_KpCa":1.0601797478162869,"scale_popu_KRyR":0.78290539001245962,"scale_popu_KSERCA":0.96099297887132906,"scale_popu_Kleak":1.1022391697150686,"scale_popu_nTm":0.88512829478299071,"scale_popu_CaT50ref":0.97664107636219077,"scale_popu_Tref":1.1651373830040035,"scale_popu_kuw":1.1228291493190932,"scale_popu_kws":0.90627782489567266,"scale_popu_kTRPN":0.98475869999107357,"scale_popu_nTRPN":1.1711667737923153,"scale_popu_ku":0.97589672496624424,"scale_popu_TRPN50":0.78950420022140122,"scale_popu_rw":1.1176580418583582,"scale_popu_rs":0.85308491397636366}