{"scale_popu_GNa":1.0375997165978632,"scale_popu_GCaL":0.87192479749119411,"scale_popu_Gto":1.0457637572080642,"scale_popu_GNaL":0.86942602798207169,"scale_popu_GKr":0.812254129490829,"scale_popu_GKs":0.89218068130784223,"scale_popu_GK1":0.93364425734976542,"scale_popu_GbK":0.98740372099903917,"scale_popu_KNCX":0.99318028535443881,"scale_popu_KNaK":1.1213357765870149,"scale_popu_GbNa":1.1981303671613239,"scale_popu_GbCa":1.080615221705544,"scale_popu_KpCa":0.97681225541980887,"scale_popu_KRyR":0.78486442303277182,"scale_popu_KSERCA":1.21633388163873,"scale_popu_Kleak":1.1435254221455646,"scale_popu_nTm":1.2270602115286131,"scale_popu_CaT50ref":1.040991631768686,"scale_popu_Tref":1.1367201404023632,"scale_popu_kuw":0.94529754983211045,"scale_popu_kws":0.7691443741752102,"scale_popu_kTRPN":1.096519909335901,"scale_popu_nTRPN":1.1661929188377842,"scale_popu_ku":1.1353190058935574,"scale_popu_TRPN50":0.85530651760499854,"scale_popu_rw":1.2610861304089993,"scale_popu_rs":1.2003918626285328}