{"scale_popu_GNa":0.95840434438128441,"scale_popu_GCaL":1.0940151073009656,"scale_popu_Gto":1.0617570848894962,"scale_popu_GNaL":0.99755848980618189,"scale_popu_GKr":0.74947737694416872,"scale_popu_GKs":0.84525192772743385,"scale_popu_GK1":1.1419933332456238,"scale_popu_GbK":1.00227363170136,"scale_popu_KNCX":1.0074762454357624,"scale_popu_KNaK":0.9669264019827174,"scale_popu_GbNa":1.1115143610612725,"scale_popu_GbCa":0.9049399266224516,"scale_popu_KpCa":1.0500434279966329,"scale_popu_KRyR":0.99662717872094175,"scale_popu_KSERCA":0.98903874421392812,"scale_popu_Kleak":1.0001619232511751,"scale_popu_nTm":1.217815167872804,"scale_popu_CaT50ref":1.0621661107637548,"scale_popu_Tref":0.86624458012583028,"scale_popu_kuw":1.0822698845578964,"scale_popu_kws":1.1036330004695003,"scale_popu_kTRPN":0.99593932055027179,"scale_popu_nTRPN":1.0061417814919986,"scale_popu_ku":1.1443315870458253,"scale_popu_TRPN50":0.9785112056587455,"scale_popu_rw":1.0513238185578344,"scale_popu_rs":1.1346376985875057}