{"scale_popu_GNa":0.82816197923430024,"scale_popu_GCaL":0.966032015148711,"scale_popu_Gto":0.87986114727601528,"scale_popu_GNaL":1.3365330763517116,"scale_popu_GKr":1.059969961863044,"scale_popu_GKs":0.981707926389181,"scale_popu_GK1":1.0465950416599792,"scale_popu_GbK":0.96790818622786046,"scale_popu_KNCX":0.948068075137564,"scale_popu_KNaK":1.1816858111120467,"scale_popu_GbNa":0.90762770776423829,"scale_popu_GbCa":1.156456194763209,"scale_popu_KpCa":1.1333520576476683,"scale_popu_KRyR":0.98223140521396146,"scale_popu_KSERCA":0.98350548996680642,"scale_popu_Kleak":1.1413177015322644,"scale_popu_nTm":1.3471546202441587,"scale_popu_CaT50ref":0.89543940484696083,"scale_popu_Tref":1.2000149752356248,"scale_popu_kuw":0.97482359628160475,"scale_popu_kws":0.89435127701322625,"scale_popu_kTRPN":1.2496828306547889,"scale_popu_nTRPN":1.0077063409473799,"scale_popu_ku":0.79873095361090007,"scale_popu_TRPN50":0.99949806832838972,"scale_popu_rw":1.0799052921448191,"scale_popu_rs":0.69722775224035638}