{"scale_popu_GNa":0.94724287611764513,"scale_popu_GCaL":0.97096968169230868,"scale_popu_Gto":1.0828718811798292,"scale_popu_GNaL":0.96103458100694483,"scale_popu_GKr":0.89371550662058841,"scale_popu_GKs":1.0174316940934531,"scale_popu_GK1":1.2261745765808758,"scale_popu_GbK":1.1817452215712407,"scale_popu_KNCX":0.98279496199048333,"scale_popu_KNaK":0.79383992975170181,"scale_popu_GbNa":0.93235487830203434,"scale_popu_GbCa":0.86887343487812008,"scale_popu_KpCa":0.93005555786461891,"scale_popu_KRyR":0.87134498769292124,"scale_popu_KSERCA":1.0984335918313215,"scale_popu_Kleak":1.0231110389378109,"scale_popu_nTm":1.0109461088721892,"scale_popu_CaT50ref":0.96899195374775082,"scale_popu_Tref":1.1067911386036282,"scale_popu_kuw":0.97147445152718437,"scale_popu_kws":0.90232456418947815,"scale_popu_kTRPN":1.1690021183481452,"scale_popu_nTRPN":1.06837861251738,"scale_popu_ku":0.90646896730361948,"scale_popu_TRPN50":1.0539395308474813,"scale_popu_rw":1.1593824044240939,"scale_popu_rs":0.94213915047703889}