{"scale_popu_GNa":0.89487694154569575,"scale_popu_GCaL":1.0834307316377918,"scale_popu_Gto":0.91323955468710949,"scale_popu_GNaL":1.1055157913963241,"scale_popu_GKr":1.1135874434796502,"scale_popu_GKs":1.0485655621148147,"scale_popu_GK1":1.1868115176792577,"scale_popu_GbK":1.2414385945230539,"scale_popu_KNCX":1.0756394025665257,"scale_popu_KNaK":1.0497350156510252,"scale_popu_GbNa":1.2561771092590313,"scale_popu_GbCa":1.2909029969359211,"scale_popu_KpCa":0.98185205901309491,"scale_popu_KRyR":1.0024521114747216,"scale_popu_KSERCA":0.77930909993576447,"scale_popu_Kleak":0.9520115227026863,"scale_popu_nTm":1.0678677132413636,"scale_popu_CaT50ref":0.92062586344657016,"scale_popu_Tref":0.980977124238331,"scale_popu_kuw":0.92662429223465992,"scale_popu_kws":1.2098785915766939,"scale_popu_kTRPN":0.90007587261275968,"scale_popu_nTRPN":1.232519384453947,"scale_popu_ku":1.1247513488897196,"scale_popu_TRPN50":0.76941115069256327,"scale_popu_rw":1.1524575074836783,"scale_popu_rs":1.2506375388991309}