{"scale_popu_GNa":1.0175673317355307,"scale_popu_GCaL":0.90968114821963308,"scale_popu_Gto":0.927100645834775,"scale_popu_GNaL":1.158228791756243,"scale_popu_GKr":0.78869411404943168,"scale_popu_GKs":1.2841308112310561,"scale_popu_GK1":0.97350165446208126,"scale_popu_GbK":1.2242339651379319,"scale_popu_KNCX":0.889946533421519,"scale_popu_KNaK":1.0225479170734713,"scale_popu_GbNa":1.0023248767604123,"scale_popu_GbCa":0.85342822158973808,"scale_popu_KpCa":0.71525038569738753,"scale_popu_KRyR":1.1066571366251514,"scale_popu_KSERCA":0.988131678561165,"scale_popu_Kleak":1.0982872730534001,"scale_popu_nTm":1.1285176377063688,"scale_popu_CaT50ref":1.1179041460606804,"scale_popu_Tref":1.1311273704956035,"scale_popu_kuw":0.97469898739177574,"scale_popu_kws":1.0172436715935846,"scale_popu_kTRPN":0.88821281284351661,"scale_popu_nTRPN":1.0762496991148072,"scale_popu_ku":1.1359599669264258,"scale_popu_TRPN50":0.77430310387306833,"scale_popu_rw":1.2416105873824861,"scale_popu_rs":0.95724800897210915}