{"scale_popu_GNa":0.8788163904941928,"scale_popu_GCaL":0.93765013410308029,"scale_popu_Gto":0.8436894107966173,"scale_popu_GNaL":0.97891738746369072,"scale_popu_GKr":1.0160683616487256,"scale_popu_GKs":1.0560255850598508,"scale_popu_GK1":0.94387277204879538,"scale_popu_GbK":1.2040988571664391,"scale_popu_KNCX":0.97340801590794257,"scale_popu_KNaK":1.3342619119132351,"scale_popu_GbNa":1.2121140713201772,"scale_popu_GbCa":1.1369926104383259,"scale_popu_KpCa":1.1523062051748592,"scale_popu_KRyR":1.1100266914201338,"scale_popu_KSERCA":0.91322426718294947,"scale_popu_Kleak":1.04939472632271,"scale_popu_nTm":1.0629275248529977,"scale_popu_CaT50ref":0.82399770182789411,"scale_popu_Tref":1.1345971080127344,"scale_popu_kuw":1.1791180930549385,"scale_popu_kws":1.0113879004718727,"scale_popu_kTRPN":1.1023008196069688,"scale_popu_nTRPN":1.1662108819450883,"scale_popu_ku":1.1970931439204049,"scale_popu_TRPN50":0.84552681730946355,"scale_popu_rw":1.0730363637509339,"scale_popu_rs":0.9425057752982291}