{"scale_popu_GNa":0.96783511898312868,"scale_popu_GCaL":0.95092912592936885,"scale_popu_Gto":1.1349317535141603,"scale_popu_GNaL":1.0194456086790362,"scale_popu_GKr":0.73930679056431869,"scale_popu_GKs":1.1326250686480783,"scale_popu_GK1":1.0786379840083191,"scale_popu_GbK":1.0546780537136251,"scale_popu_KNCX":0.998298793065,"scale_popu_KNaK":0.78559540167991715,"scale_popu_GbNa":1.3382141564780972,"scale_popu_GbCa":0.876480147122189,"scale_popu_KpCa":0.92873129993461945,"scale_popu_KRyR":1.1391027314167013,"scale_popu_KSERCA":0.97085122892260489,"scale_popu_Kleak":1.1322605782131665,"scale_popu_nTm":1.3195680190194374,"scale_popu_CaT50ref":0.99103371759867576,"scale_popu_Tref":0.94916470913783035,"scale_popu_kuw":1.108199199401751,"scale_popu_kws":1.1176904078855732,"scale_popu_kTRPN":1.0252905267533425,"scale_popu_nTRPN":0.993885541738274,"scale_popu_ku":1.0567826689866742,"scale_popu_TRPN50":1.0536406236712486,"scale_popu_rw":0.98812333421966847,"scale_popu_rs":1.0635749895586353}