{"scale_popu_GNa":1.1739653566044315,"scale_popu_GCaL":1.2275506569522665,"scale_popu_Gto":1.0445901254959498,"scale_popu_GNaL":1.170046749206443,"scale_popu_GKr":1.0847250924533656,"scale_popu_GKs":0.87487263753145039,"scale_popu_GK1":1.0095003002955867,"scale_popu_GbK":0.85100738897363792,"scale_popu_KNCX":1.1539996547677425,"scale_popu_KNaK":1.0071735554264822,"scale_popu_GbNa":0.87161534561634813,"scale_popu_GbCa":0.862823251970043,"scale_popu_KpCa":1.0158937596028232,"scale_popu_KRyR":0.88537660767322535,"scale_popu_KSERCA":0.85362799582067361,"scale_popu_Kleak":0.9510702378387994,"scale_popu_nTm":1.0745123399336709,"scale_popu_CaT50ref":1.0406987980609437,"scale_popu_Tref":0.84156994884280278,"scale_popu_kuw":0.76802729555770322,"scale_popu_kws":0.8907558278796327,"scale_popu_kTRPN":0.95502843403892868,"scale_popu_nTRPN":0.98974361761522467,"scale_popu_ku":1.0195316871402258,"scale_popu_TRPN50":1.0920402234547468,"scale_popu_rw":1.2071047605641969,"scale_popu_rs":0.95886173146093845}