{"scale_popu_GNa":1.1554882677212737,"scale_popu_GCaL":0.966978680352491,"scale_popu_Gto":0.94470378835071367,"scale_popu_GNaL":0.8136231203170069,"scale_popu_GKr":1.0893164419475341,"scale_popu_GKs":0.98052764831987849,"scale_popu_GK1":1.1924881457290408,"scale_popu_GbK":0.89358803540356013,"scale_popu_KNCX":0.90309499195493692,"scale_popu_KNaK":1.060730472759347,"scale_popu_GbNa":0.87959589552954931,"scale_popu_GbCa":1.0150300329058228,"scale_popu_KpCa":1.0452971237858677,"scale_popu_KRyR":1.024102604561592,"scale_popu_KSERCA":0.95382984863132336,"scale_popu_Kleak":0.77273711340560935,"scale_popu_nTm":1.2982472747328833,"scale_popu_CaT50ref":1.1788911216829558,"scale_popu_Tref":1.0539493243272173,"scale_popu_kuw":0.97430276489608725,"scale_popu_kws":1.0152935827588376,"scale_popu_kTRPN":0.76986640278781926,"scale_popu_nTRPN":0.77670936233215082,"scale_popu_ku":0.91197435921196757,"scale_popu_TRPN50":0.99594786385368539,"scale_popu_rw":0.7476711626017275,"scale_popu_rs":0.82653418057769468}