{"scale_popu_GNa":1.0493897633115721,"scale_popu_GCaL":1.0540255549204791,"scale_popu_Gto":0.896424056060406,"scale_popu_GNaL":0.745697980674745,"scale_popu_GKr":0.77190124512808089,"scale_popu_GKs":1.0648995566224873,"scale_popu_GK1":1.1132391518988689,"scale_popu_GbK":0.97723282813481738,"scale_popu_KNCX":1.0397049403751659,"scale_popu_KNaK":0.9736157179654813,"scale_popu_GbNa":0.865947443447253,"scale_popu_GbCa":1.2177610233154457,"scale_popu_KpCa":1.22912161634176,"scale_popu_KRyR":0.94873911583437665,"scale_popu_KSERCA":0.86948297947790554,"scale_popu_Kleak":1.0201896985838041,"scale_popu_nTm":1.1027319287954083,"scale_popu_CaT50ref":1.0139925847518423,"scale_popu_Tref":1.2154904366069814,"scale_popu_kuw":1.0123316727108964,"scale_popu_kws":1.0999436294069593,"scale_popu_kTRPN":1.0161109233317966,"scale_popu_nTRPN":1.1537794271030815,"scale_popu_ku":1.2106231502843634,"scale_popu_TRPN50":1.2247451785570633,"scale_popu_rw":0.93449650437757947,"scale_popu_rs":1.1084744298424443}