{"scale_popu_GNa":1.0236154171489074,"scale_popu_GCaL":1.097480881749755,"scale_popu_Gto":1.1245025225904881,"scale_popu_GNaL":0.80238702426715824,"scale_popu_GKr":0.9462919988294044,"scale_popu_GKs":1.0346992192218152,"scale_popu_GK1":1.0044623174451381,"scale_popu_GbK":0.92866451256948335,"scale_popu_KNCX":1.0685140226253673,"scale_popu_KNaK":0.97398962530802324,"scale_popu_GbNa":0.88351688306277132,"scale_popu_GbCa":0.99479893653939555,"scale_popu_KpCa":1.0758107521261642,"scale_popu_KRyR":0.916337466953211,"scale_popu_KSERCA":1.0110899760092418,"scale_popu_Kleak":1.0490381523750696,"scale_popu_nTm":1.0448085503450251,"scale_popu_CaT50ref":1.0877678534948898,"scale_popu_Tref":0.92277444740032677,"scale_popu_kuw":0.84660226269548089,"scale_popu_kws":0.89328997265356924,"scale_popu_kTRPN":1.1405017134555309,"scale_popu_nTRPN":1.2300905018162078,"scale_popu_ku":1.2014057732978194,"scale_popu_TRPN50":0.96755978070475579,"scale_popu_rw":0.94347850456049076,"scale_popu_rs":1.1827942933445008}