{"scale_popu_GNa":0.81660535577794913,"scale_popu_GCaL":0.97250530422386938,"scale_popu_Gto":0.76501277577219839,"scale_popu_GNaL":0.99679776482774352,"scale_popu_GKr":0.85986072603905184,"scale_popu_GKs":1.1221276706800978,"scale_popu_GK1":1.0814592970855208,"scale_popu_GbK":1.1990757154061482,"scale_popu_KNCX":0.86423153206652326,"scale_popu_KNaK":1.2496903049479151,"scale_popu_GbNa":1.0840912664614439,"scale_popu_GbCa":1.0569555333390626,"scale_popu_KpCa":0.91661067825385856,"scale_popu_KRyR":0.91332154526426113,"scale_popu_KSERCA":1.1115166179125939,"scale_popu_Kleak":1.1272516613256238,"scale_popu_nTm":1.0188452764661096,"scale_popu_CaT50ref":0.90784917153964362,"scale_popu_Tref":1.1897598385527273,"scale_popu_kuw":0.98954792324669749,"scale_popu_kws":1.0486804028312096,"scale_popu_kTRPN":1.0267777356214971,"scale_popu_nTRPN":1.3153682071123192,"scale_popu_ku":0.84962340411977566,"scale_popu_TRPN50":0.96540173706054044,"scale_popu_rw":1.0334395035877482,"scale_popu_rs":1.1779348701412198}