{"scale_popu_GNa":0.82274399861220449,"scale_popu_GCaL":1.016102486265539,"scale_popu_Gto":1.0827460394939132,"scale_popu_GNaL":0.72521259580091768,"scale_popu_GKr":1.0365131740893812,"scale_popu_GKs":0.969746324047109,"scale_popu_GK1":1.3869580614011796,"scale_popu_GbK":0.71669992311177011,"scale_popu_KNCX":1.0189219300884489,"scale_popu_KNaK":0.88901706575159123,"scale_popu_GbNa":1.1959618098704834,"scale_popu_GbCa":0.732373826554946,"scale_popu_KpCa":0.81872977440489714,"scale_popu_KRyR":1.0754787572107603,"scale_popu_KSERCA":0.90419026567901706,"scale_popu_Kleak":1.2016560576449953,"scale_popu_nTm":1.1331861740655893,"scale_popu_CaT50ref":1.2438577152931893,"scale_popu_Tref":1.1101454081957081,"scale_popu_kuw":1.1546585439864643,"scale_popu_kws":0.93709318924133223,"scale_popu_kTRPN":0.94729950547488717,"scale_popu_nTRPN":1.070541989916556,"scale_popu_ku":1.2778115066598092,"scale_popu_TRPN50":0.83572053825615078,"scale_popu_rw":1.0410458719545568,"scale_popu_rs":1.1162146641871069}