{"scale_popu_GNa":0.78140079367802884,"scale_popu_GCaL":0.99031717371148331,"scale_popu_Gto":0.82087643162112367,"scale_popu_GNaL":1.1841871627172753,"scale_popu_GKr":1.0842191690407426,"scale_popu_GKs":1.0176208024184872,"scale_popu_GK1":1.1434302571093362,"scale_popu_GbK":0.85968506280255519,"scale_popu_KNCX":1.2406546001146852,"scale_popu_KNaK":0.95468498353694609,"scale_popu_GbNa":0.94723844137026247,"scale_popu_GbCa":1.1977520428225927,"scale_popu_KpCa":0.7408570227989888,"scale_popu_KRyR":0.94592390491227907,"scale_popu_KSERCA":0.80833866206079208,"scale_popu_Kleak":0.92081416905752922,"scale_popu_nTm":0.925423084974994,"scale_popu_CaT50ref":1.2338885288197909,"scale_popu_Tref":0.87233545040283134,"scale_popu_kuw":0.917693581154152,"scale_popu_kws":0.86261928769156671,"scale_popu_kTRPN":1.0555238290866695,"scale_popu_nTRPN":0.97142555015371934,"scale_popu_ku":0.847987998308959,"scale_popu_TRPN50":0.90117572400972934,"scale_popu_rw":0.98585757886795988,"scale_popu_rs":0.94984669219288209}