{"scale_popu_GNa":0.66820883410450382,"scale_popu_GCaL":0.9427474574048913,"scale_popu_Gto":0.67281698615702024,"scale_popu_GNaL":0.89669767489937724,"scale_popu_GKr":1.0578835644858497,"scale_popu_GKs":1.1241925325497537,"scale_popu_GK1":1.0588968051653715,"scale_popu_GbK":0.99375777985274028,"scale_popu_KNCX":0.75545628206348925,"scale_popu_KNaK":1.0175096115000917,"scale_popu_GbNa":1.0759268571523086,"scale_popu_GbCa":1.0310368905611098,"scale_popu_KpCa":1.0389724859362326,"scale_popu_KRyR":0.90399561439984111,"scale_popu_KSERCA":0.73811590345589562,"scale_popu_Kleak":0.76272122797000086,"scale_popu_nTm":1.0988958065137733,"scale_popu_CaT50ref":1.054720556369918,"scale_popu_Tref":1.311776135528216,"scale_popu_kuw":1.0371983938146032,"scale_popu_kws":1.0758592239709432,"scale_popu_kTRPN":1.0544303476785943,"scale_popu_nTRPN":1.0332720541659712,"scale_popu_ku":0.95195400166001853,"scale_popu_TRPN50":1.1873581744132817,"scale_popu_rw":0.98302588517007872,"scale_popu_rs":0.6840680818261814}