{"scale_popu_GNa":1.3175588220286323,"scale_popu_GCaL":1.0613088785627511,"scale_popu_Gto":0.87463285722219442,"scale_popu_GNaL":0.95249780471654844,"scale_popu_GKr":0.98083860192659711,"scale_popu_GKs":0.9323300233712265,"scale_popu_GK1":0.941382920549343,"scale_popu_GbK":0.79174435124704068,"scale_popu_KNCX":0.88758797192356165,"scale_popu_KNaK":0.86970476198747926,"scale_popu_GbNa":0.73232076081523179,"scale_popu_GbCa":1.0419655686314959,"scale_popu_KpCa":1.1271085022569225,"scale_popu_KRyR":0.968428481669428,"scale_popu_KSERCA":0.86589095587868037,"scale_popu_Kleak":0.86607190867572847,"scale_popu_nTm":1.2452783913348446,"scale_popu_CaT50ref":1.1733706108801967,"scale_popu_Tref":0.8864944314119465,"scale_popu_kuw":0.92796508881947848,"scale_popu_kws":1.3791086994386246,"scale_popu_kTRPN":1.2261550177062919,"scale_popu_nTRPN":0.89639354531271187,"scale_popu_ku":1.1115399522134288,"scale_popu_TRPN50":1.1595242693635004,"scale_popu_rw":0.85174007232195847,"scale_popu_rs":0.87113506705926458}