{"scale_popu_GNa":1.124028889091393,"scale_popu_GCaL":1.011892343182087,"scale_popu_Gto":1.0073883778771384,"scale_popu_GNaL":0.97648302243616036,"scale_popu_GKr":0.807156758309821,"scale_popu_GKs":0.96057961350567367,"scale_popu_GK1":0.90150275354347,"scale_popu_GbK":0.81315817143489322,"scale_popu_KNCX":0.8833955311679007,"scale_popu_KNaK":1.2357403003423395,"scale_popu_GbNa":1.2672815505137247,"scale_popu_GbCa":1.0690583349416698,"scale_popu_KpCa":1.0113614496952683,"scale_popu_KRyR":0.87517115109909316,"scale_popu_KSERCA":0.8535425055811654,"scale_popu_Kleak":0.84186006896245158,"scale_popu_nTm":1.2827048654999123,"scale_popu_CaT50ref":1.135557451292998,"scale_popu_Tref":0.91032696716467565,"scale_popu_kuw":0.99035790329804829,"scale_popu_kws":1.0100406976479759,"scale_popu_kTRPN":0.9981061087712868,"scale_popu_nTRPN":0.97537547906037214,"scale_popu_ku":0.94986423202074,"scale_popu_TRPN50":1.0282449658100525,"scale_popu_rw":1.2574080084559855,"scale_popu_rs":1.0023448259674315}