{"scale_popu_GNa":1.2290484203006289,"scale_popu_GCaL":0.997974978932968,"scale_popu_Gto":0.91223981566382606,"scale_popu_GNaL":1.0324580936365595,"scale_popu_GKr":1.0708439046302489,"scale_popu_GKs":1.2234331918065335,"scale_popu_GK1":0.84646242186743759,"scale_popu_GbK":0.94616914327969126,"scale_popu_KNCX":0.94049010142851608,"scale_popu_KNaK":1.0018726354744716,"scale_popu_GbNa":0.91101171624668231,"scale_popu_GbCa":0.95406447548817874,"scale_popu_KpCa":1.1041067113916783,"scale_popu_KRyR":1.0201682637290164,"scale_popu_KSERCA":1.0711541995982576,"scale_popu_Kleak":1.0316509989337408,"scale_popu_nTm":1.0338683809773126,"scale_popu_CaT50ref":1.0535286378710431,"scale_popu_Tref":0.79080719323728621,"scale_popu_kuw":0.8244144365843501,"scale_popu_kws":1.3627460932556625,"scale_popu_kTRPN":1.1851291836417273,"scale_popu_nTRPN":1.0717613775346497,"scale_popu_ku":0.96196743741501689,"scale_popu_TRPN50":1.0346087615213151,"scale_popu_rw":0.98777139699490246,"scale_popu_rs":1.1499631765867597}