{"scale_popu_GNa":0.86187671544814815,"scale_popu_GCaL":0.90158358484056045,"scale_popu_Gto":0.99475142491332058,"scale_popu_GNaL":0.869333789003955,"scale_popu_GKr":0.99384623387698745,"scale_popu_GKs":0.87423966126288477,"scale_popu_GK1":0.90007745207800693,"scale_popu_GbK":1.011196470392735,"scale_popu_KNCX":1.0067619421095588,"scale_popu_KNaK":1.150556070575234,"scale_popu_GbNa":1.0183521547654184,"scale_popu_GbCa":0.86963700275618772,"scale_popu_KpCa":1.1793537404571524,"scale_popu_KRyR":1.1936181961512862,"scale_popu_KSERCA":0.99176347449851765,"scale_popu_Kleak":0.74075516276194187,"scale_popu_nTm":1.0015006128610966,"scale_popu_CaT50ref":1.0308258746907424,"scale_popu_Tref":0.91195003456036294,"scale_popu_kuw":0.79037139697839121,"scale_popu_kws":0.91975700473859257,"scale_popu_kTRPN":1.1500839622298376,"scale_popu_nTRPN":0.91431556407385639,"scale_popu_ku":0.8568733013053742,"scale_popu_TRPN50":1.2185677057954334,"scale_popu_rw":1.1533769692599216,"scale_popu_rs":0.92892368544159}