{"scale_popu_GNa":0.86473550371667618,"scale_popu_GCaL":0.846119831930798,"scale_popu_Gto":0.80664061785556451,"scale_popu_GNaL":1.1259556610662649,"scale_popu_GKr":0.99777562197785719,"scale_popu_GKs":0.95056159492706493,"scale_popu_GK1":1.1269258042664272,"scale_popu_GbK":0.86756355196552715,"scale_popu_KNCX":0.99944295078212886,"scale_popu_KNaK":0.80278008664710576,"scale_popu_GbNa":1.0313717667703814,"scale_popu_GbCa":1.0476526087606481,"scale_popu_KpCa":1.0750734493847236,"scale_popu_KRyR":0.81196319095465563,"scale_popu_KSERCA":1.0967625303974486,"scale_popu_Kleak":0.72722919939312658,"scale_popu_nTm":0.86841955056632769,"scale_popu_CaT50ref":1.0139079027079121,"scale_popu_Tref":0.91156255425001054,"scale_popu_kuw":0.94369898537810371,"scale_popu_kws":0.88800130921425,"scale_popu_kTRPN":1.2286899599465471,"scale_popu_nTRPN":0.98320094437720518,"scale_popu_ku":0.83047920677681308,"scale_popu_TRPN50":1.15308718447976,"scale_popu_rw":1.038418041387412,"scale_popu_rs":1.0568323789623026}