{"scale_popu_GNa":0.92172554851591015,"scale_popu_GCaL":1.1511673644818587,"scale_popu_Gto":1.0418598357726936,"scale_popu_GNaL":1.248482362410166,"scale_popu_GKr":1.1224916457204597,"scale_popu_GKs":0.74089314126733741,"scale_popu_GK1":0.98204805080642565,"scale_popu_GbK":1.0352283791811274,"scale_popu_KNCX":1.2481268375688082,"scale_popu_KNaK":1.0769700685373504,"scale_popu_GbNa":0.84806813320655139,"scale_popu_GbCa":1.2990590333625822,"scale_popu_KpCa":1.039502362065913,"scale_popu_KRyR":1.1983853417265276,"scale_popu_KSERCA":1.1123801100819721,"scale_popu_Kleak":0.9235504913076481,"scale_popu_nTm":0.85968462135321633,"scale_popu_CaT50ref":1.0424913671244174,"scale_popu_Tref":0.75601836337294481,"scale_popu_kuw":0.94081371950065,"scale_popu_kws":0.87510034586210017,"scale_popu_kTRPN":0.84125277889046179,"scale_popu_nTRPN":1.0900503205111367,"scale_popu_ku":0.76202685508503,"scale_popu_TRPN50":1.1580583125780763,"scale_popu_rw":1.075899093646669,"scale_popu_rs":0.89807781341387116}