{"scale_popu_GNa":1.0265314170841355,"scale_popu_GCaL":0.99033532199071772,"scale_popu_Gto":1.0641146944500555,"scale_popu_GNaL":0.92181492282199928,"scale_popu_GKr":1.0892939790139557,"scale_popu_GKs":1.0444952388723439,"scale_popu_GK1":1.004093431525225,"scale_popu_GbK":0.88142869377945765,"scale_popu_KNCX":1.0505283327354908,"scale_popu_KNaK":1.2095263496490649,"scale_popu_GbNa":1.1427483813265049,"scale_popu_GbCa":1.0851410402755592,"scale_popu_KpCa":0.919001894852679,"scale_popu_KRyR":0.79893654397899738,"scale_popu_KSERCA":0.86193734485170115,"scale_popu_Kleak":0.762643525250916,"scale_popu_nTm":1.0595167655220399,"scale_popu_CaT50ref":1.0682908275315597,"scale_popu_Tref":0.87935978035576678,"scale_popu_kuw":0.95254969327141814,"scale_popu_kws":0.76188436130739623,"scale_popu_kTRPN":1.3033991626899353,"scale_popu_nTRPN":0.9063724712997594,"scale_popu_ku":1.1081809022080742,"scale_popu_TRPN50":1.0993695504862253,"scale_popu_rw":1.0094706370780551,"scale_popu_rs":0.94849246832291767}