{"scale_popu_GNa":0.93393108350304,"scale_popu_GCaL":0.94189809315998729,"scale_popu_Gto":1.0164688269910571,"scale_popu_GNaL":0.99356453743701456,"scale_popu_GKr":1.0402894700128036,"scale_popu_GKs":1.1310021109587451,"scale_popu_GK1":0.90537214571252056,"scale_popu_GbK":1.2929073837329472,"scale_popu_KNCX":1.0516829694605598,"scale_popu_KNaK":1.093119346526342,"scale_popu_GbNa":0.86383908166037793,"scale_popu_GbCa":1.1692641505793149,"scale_popu_KpCa":1.04561329877115,"scale_popu_KRyR":1.0736296446783005,"scale_popu_KSERCA":1.3044534978419413,"scale_popu_Kleak":0.81809971023456751,"scale_popu_nTm":1.1890018818017158,"scale_popu_CaT50ref":0.9414623858982194,"scale_popu_Tref":0.79065289276730033,"scale_popu_kuw":1.1010901207591146,"scale_popu_kws":0.744850195815614,"scale_popu_kTRPN":1.0359721669448085,"scale_popu_nTRPN":1.0206897039328224,"scale_popu_ku":1.1691317591199983,"scale_popu_TRPN50":1.1399385502719896,"scale_popu_rw":0.78677838986262294,"scale_popu_rs":1.0524572046030343}