{"scale_popu_GNa":1.0790748185986911,"scale_popu_GCaL":1.0526794252336107,"scale_popu_Gto":1.0835140827803356,"scale_popu_GNaL":1.1332405606440865,"scale_popu_GKr":1.0631183214585056,"scale_popu_GKs":1.056330889451689,"scale_popu_GK1":1.0537415031881467,"scale_popu_GbK":1.1990145924438986,"scale_popu_KNCX":1.2176037033153888,"scale_popu_KNaK":0.84917559211932936,"scale_popu_GbNa":0.880029115876271,"scale_popu_GbCa":1.0667280868185518,"scale_popu_KpCa":0.67086873797177615,"scale_popu_KRyR":1.0730840345072656,"scale_popu_KSERCA":0.86124855898910635,"scale_popu_Kleak":0.89747605189175061,"scale_popu_nTm":1.1023085961253136,"scale_popu_CaT50ref":0.92122078601392743,"scale_popu_Tref":0.99939307107282194,"scale_popu_kuw":1.2895174828690432,"scale_popu_kws":1.1534456519920528,"scale_popu_kTRPN":1.2862571050844711,"scale_popu_nTRPN":1.1783365613044252,"scale_popu_ku":0.98677391854640861,"scale_popu_TRPN50":1.017393873630664,"scale_popu_rw":0.99206700946538551,"scale_popu_rs":0.99333865072095984}