{"scale_popu_GNa":1.1590998824804979,"scale_popu_GCaL":1.0386670908523283,"scale_popu_Gto":1.2854466211813025,"scale_popu_GNaL":0.869040396058152,"scale_popu_GKr":0.97037543714691776,"scale_popu_GKs":0.916256114237649,"scale_popu_GK1":1.0634556887149256,"scale_popu_GbK":1.0137245223921252,"scale_popu_KNCX":0.84869737167771486,"scale_popu_KNaK":0.9547080679058545,"scale_popu_GbNa":0.93848782936338537,"scale_popu_GbCa":0.92721332110779786,"scale_popu_KpCa":1.2484900006373649,"scale_popu_KRyR":0.94156350370323283,"scale_popu_KSERCA":1.1089161958585243,"scale_popu_Kleak":1.192158252877241,"scale_popu_nTm":0.84606133433003683,"scale_popu_CaT50ref":0.9420591607154738,"scale_popu_Tref":0.8360998580203286,"scale_popu_kuw":1.0624146549093461,"scale_popu_kws":1.0859724079834261,"scale_popu_kTRPN":0.83610079042638641,"scale_popu_nTRPN":1.1055769374938003,"scale_popu_ku":1.1030695612545403,"scale_popu_TRPN50":1.2903985756513612,"scale_popu_rw":0.93420644368886541,"scale_popu_rs":1.061530883010442}