{"scale_popu_GNa":1.0249474983119162,"scale_popu_GCaL":0.89991470833403808,"scale_popu_Gto":1.0137964072053416,"scale_popu_GNaL":1.1287249746290953,"scale_popu_GKr":1.0025794069708232,"scale_popu_GKs":0.980695230521078,"scale_popu_GK1":0.7584778683135236,"scale_popu_GbK":0.78075923114345014,"scale_popu_KNCX":0.95979483294667622,"scale_popu_KNaK":0.69322738582180743,"scale_popu_GbNa":1.1750667523154281,"scale_popu_GbCa":0.93317307920519754,"scale_popu_KpCa":1.2423212446279719,"scale_popu_KRyR":0.93292700287593777,"scale_popu_KSERCA":0.93779671688937638,"scale_popu_Kleak":0.981369025361585,"scale_popu_nTm":1.1233180416004307,"scale_popu_CaT50ref":0.70932406262644987,"scale_popu_Tref":0.90585088247110235,"scale_popu_kuw":1.0126749194927469,"scale_popu_kws":0.91433529692135818,"scale_popu_kTRPN":0.823223154208083,"scale_popu_nTRPN":1.1796570983820869,"scale_popu_ku":0.762617004267719,"scale_popu_TRPN50":1.1986665892521791,"scale_popu_rw":0.97294906742981135,"scale_popu_rs":0.92443325398163112}