{"scale_popu_GNa":1.0070265472311672,"scale_popu_GCaL":0.95037191204335947,"scale_popu_Gto":0.76361173366457,"scale_popu_GNaL":0.99519242448907275,"scale_popu_GKr":0.98577847094687276,"scale_popu_GKs":1.1302937762574898,"scale_popu_GK1":0.97102778290236935,"scale_popu_GbK":1.1511586506676614,"scale_popu_KNCX":1.1283305873053795,"scale_popu_KNaK":1.1793826285753748,"scale_popu_GbNa":1.061371348954776,"scale_popu_GbCa":0.90093628022254169,"scale_popu_KpCa":0.94068323857343827,"scale_popu_KRyR":0.99910246145543224,"scale_popu_KSERCA":0.95069591906957229,"scale_popu_Kleak":0.8668102370976899,"scale_popu_nTm":0.88963767822101514,"scale_popu_CaT50ref":1.0501018864518872,"scale_popu_Tref":0.90262012953937776,"scale_popu_kuw":0.88415257483712484,"scale_popu_kws":1.1184336099095524,"scale_popu_kTRPN":1.1116801095031774,"scale_popu_nTRPN":0.93349609333333172,"scale_popu_ku":1.0579511429385107,"scale_popu_TRPN50":0.89413944162681414,"scale_popu_rw":0.842928646377248,"scale_popu_rs":0.90908681096034527}