{"scale_popu_GNa":1.0436454348926083,"scale_popu_GCaL":1.1033765067307351,"scale_popu_Gto":0.96689885134482945,"scale_popu_GNaL":1.2505989653102307,"scale_popu_GKr":0.93465976751421209,"scale_popu_GKs":0.8803262254520734,"scale_popu_GK1":1.1194308219686993,"scale_popu_GbK":0.77951152394894851,"scale_popu_KNCX":1.116905975809164,"scale_popu_KNaK":0.74863747468947228,"scale_popu_GbNa":0.95593939597692779,"scale_popu_GbCa":0.97753926415196046,"scale_popu_KpCa":0.68912154575098272,"scale_popu_KRyR":1.2463822144893857,"scale_popu_KSERCA":0.95973871439644365,"scale_popu_Kleak":1.2212762040704739,"scale_popu_nTm":1.1446389336704916,"scale_popu_CaT50ref":0.8279361458967347,"scale_popu_Tref":1.0242060602904819,"scale_popu_kuw":1.0665645800505172,"scale_popu_kws":1.0179175330981216,"scale_popu_kTRPN":1.3037442924229106,"scale_popu_nTRPN":1.1500706058981558,"scale_popu_ku":1.1937638154268679,"scale_popu_TRPN50":1.3109944895821539,"scale_popu_rw":0.70214665350480221,"scale_popu_rs":1.0296911312080397}